name,Borough
Bergen St & Smith St,Brooklyn
E 3 St & 1 Ave,Manhattan
LaGuardia Pl & W 3 St,Manhattan
E 20 St & 2 Ave,Manhattan
Broadway & W 29 St,Manhattan
W 18 St & 6 Ave,Manhattan
3 St & Prospect Park West,Brooklyn
Broad St & Bridge St,Manhattan
9 Ave & W 45 St,Manhattan
Barclay St & Church St,Manhattan
W 45 St & 8 Ave,Manhattan
W 41 St & 8 Ave,Manhattan
E 40 St & 5 Ave,Manhattan
6 Ave & Canal St,Manhattan
Forsyth St & Broome St,Manhattan
Cadman Plaza E & Tillary St,Brooklyn
Lexington Ave & E 29 St,Manhattan
Forsyth St & Canal St,Manhattan
Bedford Ave & Nassau Ave,Brooklyn
University Pl & E 14 St,Manhattan
Sullivan St & Washington Sq,Manhattan
E 12 St & 3 Ave,Manhattan
Stanton St & Chrystie St,Manhattan
W 47 St & 10 Ave,Manhattan
India St & Manhattan Ave,Brooklyn
South St & Gouverneur Ln,Manhattan
W 20 St & 11 Ave,Manhattan
Broadway & W 41 St,Manhattan
E 16 St & Irving Pl,Manhattan
Columbus Ave & W 95 St,Manhattan
W 11 St & 6 Ave,Manhattan
E 4 St & 2 Ave,Manhattan
8 Ave & W 31 St,Manhattan
Norfolk St & Broome St,Manhattan
W 59 St & 10 Ave,Manhattan
E 47 St & Park Ave,Manhattan
Henry St & Grand St,Manhattan
Christopher St & Greenwich St,Manhattan
W 74 St & Columbus Ave,Manhattan
2 Ave & E 31 St,Manhattan
Great Jones St,Manhattan
1 Ave & E 18 St,Manhattan
Broadway & W 58 St,Manhattan
E 23 St & 1 Ave,Manhattan
W 25 St & 6 Ave,Manhattan
W 56 St & 6 Ave,Manhattan
9 Ave & W 22 St,Manhattan
W 49 St & 8 Ave,Manhattan
Bank St & Washington St,Manhattan
E 85 St & 3 Ave,Manhattan
W 26 St & 10 Ave,Manhattan
Wythe Ave & Metropolitan Ave,Brooklyn
E 75 St & 3 Ave,Manhattan
W 13 St & 5 Ave,Manhattan
MacDougal St & Washington Sq,Manhattan
6 Ave & 12 St,Brooklyn
Metropolitan Ave & Bedford Ave,Brooklyn
E 32 St & Park Ave,Manhattan
12 Ave & W 40 St,Manhattan
Lafayette St & Jersey St,Manhattan
E 67 St & Park Ave,Manhattan
E 45 St & 3 Ave,Manhattan
W 16 St & The High Line,Manhattan
Montrose Ave & Bushwick Ave,Brooklyn
E 48 St & 5 Ave,Manhattan
6 Ave & W 33 St,Manhattan
Centre St & Chambers St,Manhattan
Tompkins Ave & Hopkins St,Brooklyn
Little West St & 1 Pl,Manhattan
Central Park S & 6 Ave,Manhattan
Canal St & Rutgers St,Manhattan
Clinton St & Grand St,Manhattan
Clinton St & Grand St,Manhattan
E 25 St & 2 Ave,Manhattan
Liberty St & Broadway,Manhattan
Division Ave & Marcy Ave,Brooklyn
Division St & Bowery,Manhattan
W 92 St & Broadway,Manhattan
Greenwich St & W Houston St,Manhattan
W 13 St & 7 Ave,Manhattan
Clermont Ave & Park Ave,Brooklyn
Lafayette St & E 8 St,Manhattan
University Pl & E 8 St,Manhattan
W 24 St & 7 Ave,Manhattan
28 St & 36 Ave,Queens
1 Ave & E 30 St,Manhattan
E 47 St & 1 Ave,Manhattan
Hudson St & Reade St,Manhattan
W 51 St & 6 Ave,Manhattan
Clinton Ave & Myrtle Ave,Brooklyn
Clinton St & Tillary St,Brooklyn
Degraw St & Smith St,Brooklyn
E 33 St & 5 Ave,Manhattan
Graham Ave & Grand St,Brooklyn
Court St & State St,Brooklyn
Broadway & E 14 St,Manhattan
Perry St & Bleecker St,Manhattan
St Marks Pl & 2 Ave,Manhattan
Broadway & W 53 St,Manhattan
Clark St & Henry St,Brooklyn
E 72 St & York Ave,Manhattan
E 84 St & Park Ave,Manhattan
E 55 St & 2 Ave,Manhattan
Stanton St & Mangin St,Manhattan
10 Ave & W 28 St,Manhattan
W 15 St & 10 Ave,Manhattan
E 16 St & 5 Ave,Manhattan
Mott St & Prince St,Manhattan
Cleveland Pl & Spring St,Manhattan
Columbia Heights & Cranberry St,Brooklyn
Riverside Dr & W 82 St,Manhattan
S 5 Pl & S 5 St,Brooklyn
Franklin Ave & Myrtle Ave,Brooklyn
6 Ave & Broome St,Manhattan
E 27 St & 1 Ave,Manhattan
Clinton St & Centre St,Brooklyn
Hanson Pl & Ashland Pl,Brooklyn
Concord St & Bridge St,Brooklyn
W 4 St & 7 Ave S,Manhattan
44 Dr & 21 St,Queens
Allen St & Stanton St,Manhattan
E 30 St & Park Ave S,Manhattan
Riverside Blvd & W 67 St,Manhattan
Amsterdam Ave & W 73 St,Manhattan
Carroll St & Washington Ave,Brooklyn
Adelphi St & Myrtle Ave,Brooklyn
Macon St & Nostrand Ave,Brooklyn
5 Ave & E 78 St,Manhattan
8 Ave & W 16 St,Manhattan
St Johns Pl & Washington Ave,Brooklyn
Broadway & W 37 St,Manhattan
Berry St & N 8 St,Brooklyn
Fulton St & Clermont Ave,Brooklyn
Lefferts Pl & Franklin Ave,Brooklyn
Columbus Ave & W 72 St,Manhattan
East End Ave & E 86 St,Manhattan
45 Rd & 11 St,Queens
Prospect Pl & 6 Ave,Brooklyn
Driggs Ave & Lorimer St,Brooklyn
Grand St & Elizabeth St,Manhattan
Roebling St & N 4 St,Brooklyn
E 81 St & York Ave,Manhattan
E 68 St & 3 Ave,Manhattan
3 Ave & E 62 St,Manhattan
E 48 St & 3 Ave,Manhattan
Queens Plaza North & Crescent St,Queens
W 107 St & Columbus Ave,Manhattan
W 106 St & Amsterdam Ave,Manhattan
Madison St & Clinton St,Manhattan
Centre St & Worth St,Manhattan
Carlton Ave & Flushing Ave,Brooklyn
W 46 St & 11 Ave,Manhattan
Franklin St & Dupont St,Brooklyn
Riverside Dr & W 78 St,Manhattan
Yankee Ferry Terminal,Manhattan
Bushwick Ave & Powers St,Brooklyn
W 31 St & 7 Ave,Manhattan
Rivington St & Chrystie St,Manhattan
Suffolk St & Stanton St,Manhattan
3 Ave & E 71 St,Manhattan
Front St & Washington St,Brooklyn
W 29 St & 9 Ave,Manhattan
Graham Ave & Herbert St,Brooklyn
2 Ave & E 99 St,Manhattan
Bialystoker Pl & Delancey St,Manhattan
Lorimer St & Broadway,Brooklyn
Washington Pl & Broadway,Manhattan
9 Ave & W 18 St,Manhattan
Mercer St & Spring St,Manhattan
MacDougal St & Prince St,Manhattan
Henry St & Degraw St,Brooklyn
Grand Army Plaza & Plaza St West,Brooklyn
Grand St & Greene St,Manhattan
Broadway & W 36 St,Manhattan
West Thames St,Other
Union Ave & Jackson St,Brooklyn
South St & Whitehall St,Manhattan
State St & Smith St,Brooklyn
E 15 St & 3 Ave,Manhattan
S Portland Ave & Hanson Pl,Brooklyn
W 43 St & 10 Ave,Manhattan
E 51 St & 1 Ave,Manhattan
5 Ave & E 63 St,Manhattan
S 4 St & Wythe Ave,Brooklyn
Pier 40 - Hudson River Park,Manhattan
3 Ave & Schermerhorn St,Brooklyn
Frederick Douglass Blvd & W 129 St,Manhattan
44 Dr & Jackson Ave,Queens
Lexington Ave & E 26 St,Manhattan
Johnson St & Gold St,Brooklyn
W 22 St & 8 Ave,Manhattan
Market St & Cherry St,Manhattan
E 44 St & 2 Ave,Manhattan
Front St & Gold St,Brooklyn
Cathedral Pkwy & Broadway,Manhattan
Washington Park,Brooklyn
St Nicholas Ave & Manhattan Ave,Manhattan
W 76 St & Columbus Ave,Manhattan
W 21 St & 6 Ave,Manhattan
E 115 St & Lexington Ave,Manhattan
Watts St & Greenwich St,Manhattan
12 St & 4 Ave,Brooklyn
W 70 St & Amsterdam Ave,Manhattan
W 15 St & 7 Ave,Manhattan
Douglass St & 3 Ave,Brooklyn
W 52 St & 11 Ave,Manhattan
8 Ave & W 33 St,Manhattan
Emerson Pl & Myrtle Ave,Brooklyn
3 St & 7 Ave,Brooklyn
11 Ave & W 27 St,Manhattan
N 12 St & Bedford Ave,Brooklyn
Vesey Pl & River Terrace,Manhattan
Fulton St & Adams St,Brooklyn
11 Ave & W 41 St,Manhattan
E 76 St & Park Ave,Manhattan
Hancock St & Bedford Ave,Brooklyn
Bank St & Hudson St,Manhattan
Berkeley Pl & 7 Ave,Brooklyn
W 52 St & 6 Ave,Manhattan
E 17 St & Broadway,Manhattan
Fulton St & William St,Manhattan
E 74 St & 1 Ave,Manhattan
E 53 St & 3 Ave,Manhattan
Degraw St & Hoyt St,Brooklyn
E 53 St & Madison Ave,Manhattan
Broadway & W 25 St,Manhattan
E 43 St & 2 Ave,Manhattan
6 St & 7 Ave,Brooklyn
Barrow St & Hudson St,Manhattan
Broadway & Roebling St,Brooklyn
Pike St & E Broadway,Manhattan
Dwight St & Van Dyke St,Brooklyn
Willoughby Ave & Walworth St,Brooklyn
E 66 St & Madison Ave,Manhattan
Warren St & Court St,Brooklyn
E 91 St & 2 Ave,Manhattan
Greene Ave & Throop Ave,Brooklyn
Franklin Ave & St Marks Ave,Brooklyn
Columbia St & Rivington St,Manhattan
Leonard St & Boerum St,Brooklyn
W 20 St & 8 Ave,Manhattan
E 53 St & Lexington Ave,Manhattan
10 St & 5 Ave,Brooklyn
2 Ave & E 122 St,Manhattan
Butler St & Court St,Brooklyn
Madison Ave & E 82 St,Manhattan
19 St & 24 Ave,Queens
5 St & 6 Ave,Brooklyn
10 St & 7 Ave,Brooklyn
E 58 St & Madison Ave,Manhattan
47 Ave & 31 St,Queens
Underhill Ave & Lincoln Pl,Brooklyn
E 97 St & 3 Ave,Manhattan
E 72 St & Park Ave,Manhattan
W 43 St & 6 Ave,Manhattan
E 11 St & 1 Ave,Manhattan
E 106 St & Madison Ave,Manhattan
Garfield Pl & 8 Ave,Brooklyn
Bayard St & Baxter St,Manhattan
West Drive & Prospect Park West,Brooklyn
North Moore St & Greenwich St,Manhattan
Stagg St & Union Ave,Brooklyn
West End Ave & W 94 St,Manhattan
Myrtle Ave & Lewis Ave,Brooklyn
Picnic Point,Manhattan
FDR Drive & E 35 St,Manhattan
W 116 St & Broadway,Manhattan
President St & Henry St,Brooklyn
1 Ave & E 110 St,Manhattan
Graham Ave & Conselyea St,Brooklyn
21 St & 43 Ave,Queens
Commerce St & Van Brunt St,Brooklyn
Willoughby Ave & Hall St,Brooklyn
Amsterdam Ave & W 119 St,Manhattan
W 22 St & 10 Ave,Manhattan
W 52 St & 5 Ave,Manhattan
Washington St & Gansevoort St,Manhattan
Broadway & Battery Pl,Manhattan
E 56 St & Madison Ave,Manhattan
Banker St & Meserole Ave,Brooklyn
Clinton Ave & Flushing Ave,Brooklyn
Crescent St & Broadway,Queens
Bayard St & Leonard St,Brooklyn
Cumberland St & Lafayette Ave,Brooklyn
E 81 St & Park Ave,Manhattan
E 77 St & 3 Ave,Manhattan
Greenpoint Ave & Manhattan Ave,Brooklyn
Laight St & Hudson St,Manhattan
Maiden Ln & Pearl St,Manhattan
DeKalb Ave & Hudson Ave,Brooklyn
Lexington Ave & E 111 St,Manhattan
McKibbin St & Manhattan Ave,Brooklyn
Lexington Ave & Classon Ave,Brooklyn
Smith St & 9 St,Brooklyn
Lawrence St & Willoughby St,Brooklyn
E 106 St & 1 Ave,Manhattan
W 53 St & 10 Ave,Manhattan
Carroll St & 5 Ave,Brooklyn
W 67 St & Broadway,Manhattan
Throop Ave & Myrtle Ave,Brooklyn
Lewis Ave & Madison St,Brooklyn
Nassau Ave & Russell St,Brooklyn
Jay St & York St,Brooklyn
Lenox Ave & W 111 St,Manhattan
3 Ave & E 112 St,Manhattan
5 Ave & 3 St,Brooklyn
Lewis Ave & Decatur St,Brooklyn
Clinton St & 4 Place,Brooklyn
Bedford Ave & Bergen St,Brooklyn
24 St & 41 Ave,Queens
Amsterdam Ave & W 125 St,Manhattan
E 65 St & 2 Ave,Manhattan
Carroll St & 6 Ave,Brooklyn
34 Ave & 38 St,Queens
E 25 St & 1 Ave,Manhattan
E 84 St & 1 Ave,Manhattan
Division Ave & Hooper St,Brooklyn
Frederick Douglass Blvd & W 117 St,Manhattan
E 2 St & 2 Ave,Manhattan
Fulton St & Broadway,Manhattan
E 10 St & 5 Ave,Manhattan
W 34 St & 11 Ave,Manhattan
E 47 St & 2 Ave,Manhattan
Brooklyn Bridge Park - Pier 2,Brooklyn
Washington Pl & 6 Ave,Manhattan
W 54 St & 9 Ave,Manhattan
Amsterdam Ave & W 79 St,Manhattan
St Marks Pl & 1 Ave,Manhattan
Franklin St & W Broadway,Manhattan
Richards St & Delavan St,Brooklyn
Carmine St & 6 Ave,Manhattan
1 Ave & E 68 St,Manhattan
Willoughby St & Fleet St,Brooklyn
N 6 St & Bedford Ave,Brooklyn
Bedford Ave & S 9 St,Brooklyn
Columbia St & Degraw St,Brooklyn
Washington Ave & Park Ave,Brooklyn
W 36 St & 9 Ave,Manhattan
Bergen St & Flatbush Ave,Brooklyn
7 St & 3 Ave,Brooklyn
Crescent St & 30 Ave,Queens
3 Ave & E 72 St,Manhattan
14 St & 7 Ave,Brooklyn
Dean St & Hoyt St,Brooklyn
31 St & Broadway,Queens
Bergen St & Vanderbilt Ave,Brooklyn
Hoyt St & Warren St,Brooklyn
Center Blvd & 48 Ave,Queens
Clinton St & Union St,Brooklyn
E 88 St & Park Ave,Manhattan
Marcus Garvey Blvd & Macon St,Brooklyn
Columbia St & W 9 St,Brooklyn
Wyckoff St & 3 Ave,Brooklyn
W 56 St & 10 Ave,Manhattan
Putnam Ave & Throop Ave,Brooklyn
Fulton St & Waverly Ave,Brooklyn
Park Ave & Marcus Garvey Blvd,Brooklyn
Carlton Ave & Dean St,Brooklyn
Broadway & 12 St,Queens
7 St & 5 Ave,Brooklyn
Montague St & Clinton St,Brooklyn
W 42 St & Dyer Ave,Manhattan
Frederick Douglass Blvd & W 112 St,Manhattan
E 115 St & Madison Ave,Manhattan
Berkeley Pl & 6 Ave,Brooklyn
E 98 St & Park Ave,Manhattan
Boerum St & Broadway,Brooklyn
Myrtle Ave & Marcy Ave,Brooklyn
Newton Rd & 44 St,Queens
Astoria Park S & Shore Blvd,Queens
E 118 St & Madison Ave,Manhattan
43 St & Broadway,Queens
Prospect Pl & Underhill Ave,Brooklyn
Verona Pl & Fulton St,Brooklyn
Greenwich Ave & 8 Ave,Manhattan
W 55 St & 6 Ave,Manhattan
Douglass St & 4 Ave,Brooklyn
E 80 St & 2 Ave,Manhattan
Rivington St & Ridge St,Manhattan
Jackson Ave & 46 Rd,Queens
S 3 St & Bedford Ave,Brooklyn
Bond St & Bergen St,Brooklyn
1 Ave & E 16 St,Manhattan
Old Fulton St,Brooklyn
Lispenard St & Broadway,Manhattan
Hope St & Union Ave,Brooklyn
Cadman Plaza E & Red Cross Pl,Brooklyn
Cliff St & Fulton St,Manhattan
Fulton St & Utica Ave,Brooklyn
Cherry St,Manhattan
Broadway & W 38 St,Manhattan
Central Park North & Adam Clayton Powell Blvd,Manhattan
46 Ave & 5 St,Queens
Lenox Ave & W 115 St,Manhattan
3 St & 3 Ave,Brooklyn
Adam Clayton Powell Blvd & W 118 St,Manhattan
Pitt St & Stanton St,Manhattan
Cooper Square & Astor Pl,Manhattan
Metropolitan Ave & Meeker Ave,Brooklyn
Duffield St & Willoughby St,Brooklyn
Clinton St & Joralemon St,Brooklyn
E 88 St & 1 Ave,Manhattan
E 33 St & 1 Ave,Manhattan
W 100 St & Manhattan Ave,Manhattan
1 Ave & E 44 St,Manhattan
Nassau St & Navy St,Brooklyn
Vernon Blvd & 50 Ave,Queens
W 110 St & Amsterdam Ave,Manhattan
Prospect Park West & 8 St,Brooklyn
11 St & 43 Ave,Queens
31 St & Thomson Ave,Queens
Monroe St & Classon Ave,Brooklyn
W 20 St & 7 Ave,Manhattan
E 102 St & 1 Ave,Manhattan
Van Brunt St & Wolcott St,Brooklyn
Willoughby Ave & Tompkins Ave,Brooklyn
E 60 St & York Ave,Manhattan
Milton St & Franklin St,Brooklyn
E 82 St & East End Ave,Manhattan
3 Ave & E 100 St,Manhattan
Norman Ave & Leonard St,Brooklyn
31 Ave & Crescent St,Queens
E 20 St & Park Ave,Manhattan
Pearl St & Hanover Square,Manhattan
E 19 St & 3 Ave,Manhattan
DeKalb Ave & S Portland Ave,Brooklyn
Bus Slip & State St,Manhattan
2 Ave & E 96 St,Manhattan
Allen St & Hester St,Manhattan
E 31 St & 3 Ave,Manhattan
E 89 St & 3 Ave,Manhattan
Schermerhorn St & Court St,Brooklyn
Lewis Ave & Kosciuszko St,Brooklyn
E 103 St & Lexington Ave,Manhattan
Leonard St & Church St,Manhattan
E 51 St & Lexington Ave,Manhattan
W 95 St & Broadway,Manhattan
McGuinness Blvd & Eagle St,Brooklyn
West St & Chambers St,Manhattan
Broadway & Whipple St,Brooklyn
W 89 St & Columbus Ave,Manhattan
E 95 St & 3 Ave,Manhattan
Kane St & Clinton St,Brooklyn
Catherine St & Monroe St,Manhattan
31 Ave & 34 St,Queens
Columbia St & Lorraine St,Brooklyn
Vernon Blvd & 10 St,Queens
Broadway & W 122 St,Manhattan
35 Ave & 10 St,Queens
E 106 St & Lexington Ave,Manhattan
E 56 St & 3 Ave,Manhattan
Allen St & Rivington St,Manhattan
W 27 St & 7 Ave,Manhattan
Pike St & Monroe St,Manhattan
W 37 St & 10 Ave,Manhattan
W Broadway & Spring St,Manhattan
Henry St & Atlantic Ave,Brooklyn
E 58 St & 3 Ave,Manhattan
Mercer St & Bleecker St,Manhattan
W 42 St & 8 Ave,Manhattan
St James Pl & Pearl St,Manhattan
Huron St & Franklin St,Brooklyn
W 17 St & 8 Ave,Manhattan
W 18 St & 9 Ave,Manhattan
Atlantic Ave & Fort Greene Pl,Brooklyn
Columbus Ave & W 103 St,Manhattan
35 St & Broadway,Queens
1 Ave & E 62 St,Manhattan
Union St & 4 Ave,Brooklyn
Bond St & Fulton St,Brooklyn
Kosciuszko St & Nostrand Ave,Brooklyn
E 97 St & Madison Ave,Manhattan
Carlton Ave & Park Ave,Brooklyn
Cambridge Pl & Gates Ave,Brooklyn
Carroll St & Smith St,Brooklyn
W 100 St & Broadway,Manhattan
W 37 St & 5 Ave,Manhattan
Riverside Dr & W 72 St,Manhattan
Union Ave & N 12 St,Brooklyn
Lexington Ave & E 24 St,Manhattan
Ditmars Blvd & 19 St,Queens
Madison Ave & E 99 St,Manhattan
Madison St & Montgomery St,Manhattan
Greenwich Ave & Charles St,Manhattan
31 Ave & 30 St,Queens
West End Ave & W 107 St,Manhattan
Driggs Ave & N Henry St,Brooklyn
Reade St & Broadway,Manhattan
N 15 St & Wythe Ave,Brooklyn
Adam Clayton Powell Blvd & W 115 St,Manhattan
Amsterdam Ave & W 82 St,Manhattan
St James Pl & Oliver St,Manhattan
Myrtle Ave & St Edwards St,Brooklyn
E 118 St & 3 Ave,Manhattan
Soissons Landing,Manhattan
5 St & 51 Ave,Queens
Crescent St & Ditmars Blvd,Queens
South Waterfront Walkway - Sinatra Dr & 1 St,Other
E 116 St & 2 Ave,Manhattan
Crescent St & 34 Ave,Queens
DeKalb Ave & Vanderbilt Ave,Brooklyn
31 St & Astoria Blvd,Queens
Monroe St & Bedford Ave,Brooklyn
11 Ave & W 59 St,Manhattan
E 85 St & York Ave,Manhattan
8 Ave & W 52 St,Manhattan
1 Pl & Clinton St,Brooklyn
Columbia St & Kane St,Brooklyn
Leonard St & Maujer St,Brooklyn
Gold St & Frankfort St,Manhattan
Richardson St & N Henry St,Brooklyn
5 Ave & E 103 St,Manhattan
Pulaski St & Marcus Garvey Blvd,Brooklyn
W 90 St & Amsterdam Ave,Manhattan
Leonard St & Nassau Ave,Brooklyn
35 Ave & 37 St,Queens
Lexington Ave & E 120 St,Manhattan
Adam Clayton Powell Blvd & W 126 St,Manhattan
W 84 St & Columbus Ave,Manhattan
Atlantic Ave & Furman St,Brooklyn
Jay St & Tech Pl,Brooklyn
Lafayette Ave & St James Pl,Brooklyn
Murray St & Greenwich St,Manhattan
S 4 St & Rodney St,Brooklyn
Halsey St & Tompkins Ave,Brooklyn
48 Ave & 5 St,Queens
Nassau Ave & Newell St,Brooklyn
E 91 St & Park Ave,Manhattan
Sigourney St & Columbia St,Brooklyn
31 Ave & Steinway St,Queens
27 Ave & 9 St,Queens
Madison Ave & E 120 St,Manhattan
14 St & 5 Ave,Brooklyn
21 St & Queens Plaza North,Queens
W 87 St & West End Ave,Manhattan
W 37 St & Broadway,Manhattan
Court St & Nelson St,Brooklyn
E 128 St & Madison Ave,Manhattan
Marcy Ave & Lafayette Ave,Brooklyn
Devoe St & Lorimer St,Brooklyn
Henry St & Bay St,Brooklyn
Plaza St West & Flatbush Ave,Brooklyn
21 St & 36 Ave,Queens
E 93 St & 2 Ave,Manhattan
Lenox Ave & W 126 St,Manhattan
W 44 St & 5 Ave,Manhattan
Murray St & West St,Manhattan
Broadway & W 56 St,Manhattan
Harrison St & Hudson St,Manhattan
Broadway & Berry St,Brooklyn
William St & Pine St,Manhattan
Spruce St & Nassau St,Manhattan
Pleasant Ave & E 116 St,Manhattan
Prospect Pl & Vanderbilt Ave,Brooklyn
W 120 St & Claremont Ave,Manhattan
24 Ave & 26 St,Queens
Coffey St & Conover St,Brooklyn
Nostrand Ave & Myrtle Ave,Brooklyn
28 Ave & 35 St,Queens
3 Ave & 14 St,Brooklyn
Union St & Bedford Ave,Brooklyn
Lincoln Pl & Classon Ave,Brooklyn
Sterling St & Bedford Ave,Brooklyn
Park Ave & E 124 St,Manhattan
Henry St & W 9 St,Brooklyn
Classon Ave & St Marks Ave,Brooklyn
Pioneer St & Van Brunt St,Brooklyn
W 63 St & Broadway,Manhattan
Clermont Ave & Lafayette Ave,Brooklyn
Park Pl & Church St,Manhattan
Kent Ave & N 7 St,Brooklyn
Grand St & Havemeyer St,Brooklyn
Adam Clayton Powell Blvd & W 123 St,Manhattan
E 24 St & Park Ave S,Manhattan
Flushing Ave & Vanderbilt Ave,Brooklyn
Scholes St & Manhattan Ave,Brooklyn
Graham Ave & Withers St,Brooklyn
Monroe St & Tompkins Ave,Brooklyn
Carroll St & Columbia St,Brooklyn
4 Ave & 9 St,Brooklyn
Vernon Blvd & 47 Rd,Queens
Morningside Ave & W 123 St,Manhattan
Kingston Ave & Herkimer St,Brooklyn
Union Ave & Wallabout St,Brooklyn
24 Ave & 29 St,Queens
Congress St & Clinton St,Brooklyn
Riverview Park,Other
Steinway St & 28 Ave,Queens
3 St & Hoyt St,Brooklyn
Riverside Dr & W 104 St,Manhattan
36 Ave & 10 St,Queens
E 89 St & York Ave,Manhattan
Jackson St & Leonard St,Brooklyn
E 78 St & 2 Ave,Manhattan
40 Ave & 9 St,Queens
34 Ave & 21 St,Queens
E 68 St & Madison Ave,Manhattan
Smith St & 3 St,Brooklyn
W 78 St & Broadway,Manhattan
Amsterdam Ave & W 66 St,Manhattan
Putnam Ave & Nostrand Ave,Brooklyn
21 St & Hoyt Ave S,Queens
35 St & 34 Ave,Queens
Lenox Ave & W 130 St,Manhattan
Albany Ave & Fulton St,Brooklyn
Greene Ave & Nostrand Ave,Brooklyn
Lenox Ave & W 117 St,Manhattan
Park Ave & St Edwards St,Brooklyn
E 102 St & Park Ave,Manhattan
Steinway St & 23 Ave,Queens
Meserole Ave & Manhattan Ave,Brooklyn
9 St & 44 Rd,Queens
W 87 St & Amsterdam Ave,Manhattan
W 129 St & Convent Ave,Manhattan
6 Ave & 9 St,Brooklyn
Frederick Douglass Blvd & Harlem River Dr,Manhattan
37 St & 24 Ave,Queens
Railroad Ave & Kay Ave,Brooklyn
1 Ave & E 94 St,Manhattan
37 Ave & 35 St,Queens
30 Ave & 21 St,Queens
Underhill Ave & Pacific St,Brooklyn
Newtown Ave & 23 St,Queens
34 Ave & 13 St,Queens
Prospect Ave & E 167 St,Bronx
Kosciuszko St & Tompkins Ave,Brooklyn
49 Ave & 21 St,Queens
23 Ave & 27 St,Queens
Sterling Pl & Bedford Ave,Brooklyn
Eastern Pkwy & Washington Ave,Brooklyn
28 St & 41 Ave,Queens
Morningside Dr & Amsterdam Ave,Manhattan
Pacific St & Nevins St,Brooklyn
Rogers Ave & Sterling St,Brooklyn
Pioneer St & Richards St,Brooklyn
Mt Morris Park W & W 120 St,Manhattan
34 St & 35 Ave,Queens
Pleasant Ave & E 120 St,Manhattan
Park Pl & Utica Ave,Brooklyn
Main St & Plymouth St,Brooklyn
N 5 St & Wythe Ave,Brooklyn
Ocean Ave & Tennis Ct,Brooklyn
E 118 St & Park Ave,Manhattan
50 Ave & 65 St,Queens
Vernon Blvd & 41 Rd,Queens
Strong St & University Ave,Bronx
43 St & 50 Ave,Queens
2 Ave & 37 St,Brooklyn
Verveelen Pl & Broadway,Bronx
81 St & 34 Ave,Queens
Amsterdam Ave & W 189 St,Manhattan
41 Ave & 77 St,Queens
30 St & 48 Ave,Queens
White St & Moore St,Brooklyn
Irving Ave & Palmetto St,Brooklyn
Paulus Hook,Other
Norman St & Wyckoff Ave,Queens
Broadway & W 138 St,Manhattan
Jerome Ave & Bedford Park Blvd E,Bronx
Grand Ave & Remsen Pl,Queens
E 38 St & Church Ave,Brooklyn
Matthews Ct & Coney Island Ave,Brooklyn
New York Ave & St Marks Ave,Brooklyn
46 St & 25 Ave,Queens
Pulaski St & Throop Ave,Brooklyn
Wilson Ave & Moffat St,Brooklyn
Gleane St & Britton Ave,Queens
51 Ave & Alstyne Ave,Queens
28 Ave & 44 St,Queens
59 St & 5 Ave,Brooklyn
W 51 St & 7 Ave,Manhattan
Walton Ave & E 176 St,Bronx
Central Ave & Starr St,Brooklyn
Greenwich St & Hubert St,Manhattan
W 104 St & Amsterdam Ave,Manhattan
Riverside Dr & W 91 St,Manhattan
Crescent St & 35 Ave,Queens
Plaza Dr & W 170 St,Bronx
7 Ave & Park Pl,Brooklyn
31 St & Hoyt Ave N,Queens
Dean St & Franklin Ave,Brooklyn
21 St & 31 Dr,Queens
Broadway & Moylan Pl,Manhattan
31 Ave & 14 St,Queens
W 113 St & Broadway,Manhattan
W 116 St & Amsterdam Ave,Manhattan
Vernon Blvd & 31 Ave,Queens
Bailey Ave & W 234 St,Bronx
Pacific St & Classon Ave,Brooklyn
E 114 St & 1 Ave,Manhattan
E 135 St & St Ann's Ave,Bronx
31 St & Northern Blvd,Queens
E 123 St & Lexington Ave,Manhattan
21 St & 38 Ave,Queens
58 St & Pier 4,Brooklyn
4 St & Grand St,Other
Carroll St & Franklin Ave,Brooklyn
27 St & Hunter St,Queens
4 Ave & 3 St,Brooklyn
E 187 St & 3 Ave,Bronx
Montgomery St & Franklin Ave,Brooklyn
Dixon Mills,Other
Hamilton Park,Other
E 182 St & Morris Ave,Bronx
Caton Ave & Argyle Rd,Brooklyn
Calyer St & Jewel St,Brooklyn
E 7 St & Ave A,Manhattan
Broadway & Furman Ave,Brooklyn
114 St & 39 Ave,Queens
99 St & 32 Ave,Queens
Kingston Ave & Park Pl,Brooklyn
W 144 St & Adam Clayton Powell Blvd,Manhattan
Harman St & Seneca Ave,Queens
St Felix Ave & 61 St,Queens
Dean St & Rockaway Ave,Brooklyn
Macon St & Lewis Ave,Brooklyn
Warren St & Smith St,Brooklyn
Fairmount Ave,Other
E 6 St & Ave B,Manhattan
37 Ave & 63 St,Queens
Water St & Fletcher St,Manhattan
Spring St & Hudson St,Manhattan
Hughes Ave & Oak Tree Pl,Bronx
Van Brunt St & Van Dyke St,Brooklyn
Grand Ave & Bergen St,Brooklyn
Lexington Ave & E 127 St,Manhattan
Morris Canal,Other
Clinton St & Newark St,Other
Columbus Ave & W 59 St,Manhattan
3 Ave & E 172 St,Bronx
W 159 St & Edgecombe Ave,Manhattan
Crotona Ave & E 179 St,Bronx
72 St & 31 Ave,Queens
10 St & 2 Ave,Brooklyn
Ditmars Blvd & 76 St,Queens
98 St & 41 Ave,Queens
Lorimer St & Harrison Ave,Brooklyn
Forest Ave & Summerfield St,Queens
Myrtle Ave & Fleet Pl,Brooklyn
81 St & 24 Ave,Queens
Beverley Rd & Flatbush Ave,Brooklyn
Grand Concourse & E Mount Eden Ave,Bronx
Longfellow Ave & E 165 St,Bronx
E 201 St & Briggs Ave,Bronx
Morris Ave & E Burnside Ave,Bronx
Chauncey St & Howard Ave,Brooklyn
Manhattan Ave & Devoe St,Brooklyn
Amory Ct & Metropolitan Ave,Queens
94 St & 57 Ave,Queens
Sterling Pl & 5 Ave,Brooklyn
Longfellow Ave & Aldus St,Bronx
Southern Blvd & E 172 St,Bronx
Arthur Ave & E 183 St,Bronx
Prospect Ave & Jennings St,Bronx
Corona Ave & 98 St,Queens
Webster Ave & E 166 St,Bronx
Metropolitan Ave & Stewart Ave,Brooklyn
Grand Concourse & E 197 St,Bronx
Aqueduct Ave & North St,Bronx
Stagg St & Morgan Ave,Brooklyn
Henry St & Middagh St,Brooklyn
Elmhurst Ave & Forley St,Queens
Sheridan Ave & E 172 St,Bronx
60 Ave & Fresh Pond Rd,Queens
E 18 St & Church Ave,Brooklyn
9 St HBLR - Jackson St & 8 St,Other
Broadway & W 185 St,Manhattan
Willow Ave & 12 St,Other
Sumpter St & Fulton St,Brooklyn
97 St & 23 Ave,Queens
4 Ave & 17 St,Brooklyn
Driggs Ave & S 2 St,Brooklyn
Waterloo Pl & Crotona Park East,Bronx
Center Blvd & 51 Ave,Queens
MacDonough St & Marcy Ave,Brooklyn
Willoughby St & Ashland Pl,Brooklyn
Marin Light Rail,Other
Macombs Pl & W 152 St,Manhattan
Bailey Ave & Sedgwick Ave,Bronx
Stevens - River Ter & 6 St,Other
99 St & 58 Ave,Queens
Nelson Ave & 167 St,Bronx
E 191 St & Bathgate Ave,Bronx
W 170 St & University Ave,Bronx
Bronx Park S & Bryant Ave,Bronx
Stuyvesant Ave & Hart St,Brooklyn
65 St & 35 Ave,Queens
Winthrop St & Rogers Ave,Brooklyn
78 St & Northern Blvd,Queens
46 St & 30 Rd,Queens
Malcolm X Blvd & DeKalb Ave,Brooklyn
60 St & 60 Rd,Queens
Essex Light Rail,Other
20 Ave & 38 St,Queens
43 Ave & 40 St,Queens
53 St & 2 Ave,Brooklyn
E 14 St & 1 Ave,Manhattan
61 St & 39 Ave,Queens
25 Ave & 96 St,Queens
Grand Concourse & E 184 St,Bronx
43 Ave & 47 St,Queens
Southern Blvd & E 180 St,Bronx
31 Pl & Hunters Point Ave,Queens
46 St & 7 Ave,Brooklyn
36 St & Ditmars Blvd,Queens
46 St & 28 Ave,Queens
Carlton Ave & St Marks Ave,Brooklyn
E 133 St & Cypress Pl,Bronx
20 Ave & Shore Blvd,Queens
48 St & 37 Ave,Queens
Dahill Rd & 12 Ave,Brooklyn
Westchester Ave & Southern Blvd,Bronx
E Fordham Rd & Webster Ave,Bronx
Crown St & Rogers Ave,Brooklyn
108 St & 52 Ave,Queens
Wallabout St & Kent Ave,Brooklyn
Withers St & Kingsland Ave,Brooklyn
Frost St & Meeker Ave,Brooklyn
30 Ave & 80 St,Queens
Newport Pkwy,Other
42 Ave & 108 St,Queens
E 77 St & 1 Ave,Manhattan
7 Ave & W 55 St,Manhattan
51 St & 43 Ave,Queens
Ave D & E 12 St,Manhattan
Featherbed Ln & Jerome Ave,Bronx
7 Ave & 22 St,Brooklyn
Hoboken Terminal - Hudson St & Hudson Pl,Other
E 13 St & 2 Ave,Manhattan
JC Medical Center,Other
53 St & 5 Ave,Brooklyn
Harborside,Other
E 3 St & Church Ave,Brooklyn
51 St & Hobart St,Queens
Paul Ave & Mosholu Pkwy,Bronx
Caton Ave & St. Pauls Pl,Brooklyn
5 Ave & W 126 St,Manhattan
Hilltop,Other
Bedford Ave & Clarkson Ave,Brooklyn
Ave C & E 16 St,Manhattan
N Henry St & Norman Ave,Brooklyn
Westchester Ave & Longwood Ave,Bronx
Isham St & Broadway,Manhattan
Madison Ave & E 51 St,Manhattan
Powers St & Olive St,Brooklyn
Courtlandt Ave & E 149 St,Bronx
E 142 St & 3 Ave,Bronx
Clinton St & 7 St,Other
21 Ave & Shore Blvd,Queens
Warren St & Roosevelt Ave,Queens
W 233 St & Albany Crescent,Bronx
Sedgwick Ave & Giles Pl,Bronx
Whitney Ave & Ketcham Pl,Queens
Eastern Pkwy & Brooklyn Ave,Brooklyn
Decatur Ave & Oliver Pl,Bronx
3 Ave & 17 St,Brooklyn
Marble Hill Ave & W 227 St,Bronx
38 St & 30 Ave,Queens
Morris Ave & E 171 St,Bronx
E 170 St & Clay Ave,Bronx
St Nicholas Ave & W 155 St,Manhattan
Hoe Ave & Jennings St,Bronx
103 St & 41 Ave,Queens
8 St & Astoria Blvd,Queens
St Ann's Ave & Bruckner Blvd,Bronx
Rockaway Ave & Bainbridge St,Brooklyn
Bushwick Ave & McKibbin St,Brooklyn
Bergen Ave & Sip Ave,Other
Morton St & Greenwich St,Manhattan
Scholes St & Lorimer St,Brooklyn
Fresh Pond Rd & Eliot Ave,Queens
Freeman St & Southern Blvd,Bronx
Madison St & Evergreen Ave,Brooklyn
E 138 St & Park Ave,Bronx
Ave D & E 3 St,Manhattan
Brunswick & 6th,Other
20 Ave & 48 St,Queens
Grand Concourse & E 196 St,Bronx
Sterling Pl & Ralph Ave,Brooklyn
34 Ave & 108 St,Queens
46 Ave & Junction Blvd,Queens
Kingsbridge Terrace & W 230 St,Bronx
Dey St,Other
Vesey St & Church St,Manhattan
Bloomfield St & 15 St,Other
93 St & Northern Blvd,Queens
Morgan Ave & Maspeth Ave,Brooklyn
Shea Rd & Boat Basin Pl,Queens
Liberty Light Rail,Other
99 St & 35 Ave,Queens
St Mary's St & Jackson Ave,Bronx
21 Ave & Crescent St,Queens
Jerome Ave & E 181 St,Bronx
104 St & 38 Ave,Queens
Parade Pl & Crooke Ave,Brooklyn
Moffat St & Bushwick,Brooklyn
Washington St,Other
Prospect Ave & E 151 St,Bronx
Journal Square,Other
Fort Washington Ave & W 173 St,Manhattan
Central Ave & Decatur St,Brooklyn
MacDougal St & Rockaway Ave,Brooklyn
E 178 St & Monterey Ave,Bronx
Intervale Ave & Kelly St,Bronx
Stratford Rd & Beverley Rd,Brooklyn
River Ave & E 151 St,Bronx
104 St & 32 Ave,Queens
Willis Ave & E 137 St,Bronx
5 Ave & W 131 St,Manhattan
Prospect Pl & Nostrand Ave,Brooklyn
38 Ave & 29 St,Queens
Buffalo Ave & St John's Pl,Brooklyn
Amsterdam Ave & W 162 St,Manhattan
Amsterdam Ave & W 136 St,Manhattan
St Marks Ave & Thomas S. Boyland St,Brooklyn
E 5 St & Ave A,Manhattan
Review Ave & Greenpoint Ave,Queens
Grove St PATH,Other
Prospect Ave & Longwood Ave,Bronx
Kingston Ave & E New York Ave,Brooklyn
E 10 St & Ave A,Manhattan
34 Ave & 71 St,Queens
50 St & 30 Ave,Queens
Rogers Ave & Lincoln Rd,Brooklyn
Broadway & W 61 St,Manhattan
12 Ave & 36 St,Brooklyn
Lenox Ave & W 146 St,Manhattan
Church Ave & E 45 St,Brooklyn
Park Pl & Buffalo Ave,Brooklyn
Chauncey St & Stuyvesant Ave,Brooklyn
Clay Ave & Claremont Pkwy,Bronx
64 St & Woodbine St,Queens
Rutland Rd & E 45 St,Brooklyn
Broadway & W 142 St,Manhattan
E 179 St & Daly Ave,Bronx
31 Ave & 86 St,Queens
Broadway & 74 St,Queens
St James Ave & 51 Ave,Queens
Riverside Dr & W 153 St,Manhattan
Corona Ave & 90 St,Queens
64 St & 51 Ave,Queens
Clarkson Ave & Utica Ave,Brooklyn
E 94 St & Madison Ave,Manhattan
Schenectady Ave & Cortelyou Rd,Brooklyn
Pacific St & Ralph Ave,Brooklyn
Menahan St & Seneca Ave,Queens
3 Ave & E 169 St,Bronx
DeKalb Ave & Franklin Ave,Brooklyn
West Farms Rd & Boone Ave,Bronx
39 Ave & 56 St,Queens
Valentine Ave & E 181 St,Bronx
Madison Ave & E 26 St,Manhattan
Maple St & New York Ave,Brooklyn
St Johns Pl & Kingston Ave,Brooklyn
31 Ave & 57 St,Queens
Lenox Ave & W 144 St,Manhattan
Willoughby Ave & Wyckoff Ave,Brooklyn
23 Ave & 83 St,Queens
Goulden Ave & Bedford Park Blvd,Bronx
Bushwick Ave & Linden St,Brooklyn
University Ave & Macombs Rd,Bronx
74 St & 37 Ave,Queens
Albemarle Rd & E 21 St,Brooklyn
59 St & 59 Rd,Queens
Hazen St & 20 Ave,Queens
Morris Ave & E 142 St,Bronx
Mount Eden Pkwy & Eastburn Ave,Bronx
Clifton Pl & Bedford Ave,Brooklyn
47 Ave & Skillman Ave,Queens
Broadway & E 19 St,Manhattan
Amsterdam Ave & W 183 St,Manhattan
53 St & 4 Ave,Brooklyn
1 Ave & E 6 St,Manhattan
Bedford Ave & Albemarle Rd,Brooklyn
Morris Ave & E 153 St,Bronx
Morgan Ave & Lombardy St,Brooklyn
W 50 St & 9 Ave,Manhattan
Brevoort Pl & Bedford Ave,Brooklyn
Elmhurst Ave & Roosevelt Ave,Queens
Washington Pl & Greene St,Manhattan
87 St & Roosevelt Ave,Queens
E 1 St & 1 Ave,Manhattan
Newport PATH,Other
Jerome Ave & E Mosholu Pkwy S,Bronx
Pacific St & Troy Ave,Brooklyn
Sunken Meadow Comfort Station,Manhattan
77 St & 31 Ave,Queens
41 St & 4 Ave,Brooklyn
Icahn Stadium Plaza,Manhattan
Grand Concourse & E 175 St,Bronx
Flatbush Ave & Lincoln Rd,Brooklyn
Albany St & Greenwich St,Manhattan
Edgecombe Ave & W 145 St,Manhattan
Bushwick Ave & Stagg St,Brooklyn
Riverside Dr & W 145 St,Manhattan
Sedgwick Ave & Hillman Ave,Bronx
Bainbridge Ave & E 198 St,Bronx
Montgomery St,Other
27 Ave & 3 St,Queens
50 St & 7 Ave,Brooklyn
W 146 St & Broadway,Manhattan
Bedford Ave & Maple St,Brooklyn
Waldron St & 108 St,Queens
W 168 St & Fort Washington Ave,Manhattan
Greenwood Ave & E 4 St,Brooklyn
7 Ave & 17 St,Brooklyn
63 St & Borden Ave,Queens
Washington St & Barrow St,Manhattan
Skillman Ave & 54 St,Queens
107 St & 32 Ave,Queens
Botanical Sq & Webster Ave,Bronx
2 Ave & E 125 St,Manhattan
W 42 St & 6 Ave,Manhattan
Broadway & W 165 St,Manhattan
Caton Ave & E 10 St,Brooklyn
Grand Concourse & E 203 St,Bronx
E 9 St & 5 Ave,Manhattan
Gillmore St & 27 Ave,Queens
E 9 St & Ave C,Manhattan
Harlem River Dr & W 155 St,Manhattan
Columbus Pl & Atlantic Ave,Brooklyn
Gerard Ave & E 146 St,Bronx
Irving Ave & DeKalb Ave,Brooklyn
Grand Concourse & E 144 St,Bronx
W 171 St & St Nicholas Ave,Manhattan
31 St & Ditmars Blvd,Queens
E 17 St & 2 Ave,Manhattan
Knickerbocker Ave & Thames St,Brooklyn
Southern Blvd & Xavier Way,Bronx
Church Ave & Story St,Brooklyn
108 St & 39 Ave,Queens
18 St & 27 Ave,Queens
98 St & 25 Ave,Queens
Brooklyn Ave & Snyder Ave,Brooklyn
W Tremont Ave & Grand Ave,Bronx
Monitor St & Meeker Ave,Brooklyn
W 44 St & 11 Ave,Manhattan
9 Ave & W 33 St,Manhattan
Frederick Douglass Blvd & W 139 St,Manhattan
Gansevoort St & Hudson St,Manhattan
Central Park S & Grand Army Plaza,Manhattan
E 46 St & Madison Ave,Manhattan
Hunts Point Ave & Bryant Ave,Bronx
E 184 St & 3 Ave,Bronx
61 St & Laurel Hill Blvd,Queens
E Tremont Ave & Jerome Ave,Bronx
Eastern Pkwy & Kingston Ave,Brooklyn
E 4 St & Ave B,Manhattan
Broadway & Hancock St,Brooklyn
E 14 St & Ave B,Manhattan
30 Ave & 12 St,Queens
57 St & 4 Ave,Brooklyn
Eastern Pkwy & Rochester Ave,Brooklyn
53 Ave & 94 St,Queens
Park Pl & Thomas S. Boyland St,Brooklyn
Morris Ave & E 163 St,Bronx
9 Ave & W 204 St,Manhattan
Dawson St & Intervale Ave,Bronx
Greenpoint Ave & Monitor St,Brooklyn
Willis Ave & E 141 St,Bronx
Aqueduct Ave & W 190 St,Bronx
W Broadway & Watts St,Manhattan
Washington St & Laight St,Manhattan
31 Ave & 103 St,Queens
34 St & 5 Ave,Brooklyn
10 Ave & W 215 St,Manhattan
Intervale Ave & Westchester Ave,Bronx
Shakespeare Ave & W 169 St,Bronx
St Johns Pl & Howard Ave,Brooklyn
61 St & Borden Ave,Queens
9 Ave & W 219 St,Manhattan
Andrews Ave S & W 179 St,Bronx
Central Ave & Covert St,Brooklyn
Broadway & 51 St,Queens
Bergen St & Mother Gaston Blvd,Brooklyn
Communipaw & Berry Lane,Other
59 St & 4 Ave,Brooklyn
Van Cleef St & 108 St,Queens
Bay St & Court St,Brooklyn
49 Ave & 27 St,Queens
W Fordham Rd & Loring Pl N,Bronx
88 St & Astoria Blvd,Queens
23 St & 3 Ave,Brooklyn
Ogden Ave & W 164 St,Bronx
Queens Blvd & Albion Ave,Queens
Market St & Henry St,Manhattan
23 St & 31 Ave,Queens
Sands St Gate,Brooklyn
Kenmare St & Elizabeth St,Manhattan
44 St & 48 Ave,Queens
Rutgers St & Henry St,Manhattan
Amsterdam Ave & W 156 St,Manhattan
11 Ave & Prospect Ave,Brooklyn
57 St & Grand Ave,Queens
Sterling Pl & Franklin Ave,Brooklyn
7 St & Monroe St,Other
Ocean Ave & Crooke Ave,Brooklyn
City Hall,Other
St Ann's Ave & E 144 St,Bronx
75 St & 35 Ave,Queens
65 Ln & Metropolitan Ave,Queens
Wythe Ave & N 13 St,Brooklyn
Pitkin Ave & Grafton St,Brooklyn
Macon St & Patchen Ave,Brooklyn
26 Ave & 2 St,Queens
Southpoint Park,Manhattan
43 Ave & 42 St,Queens
Amsterdam Ave & W 152 St,Manhattan
12 St & Sinatra Dr N,Other
E Mosholu Pkwy & Van Cortlandt Ave E,Bronx
E 189 St & Bathgate Ave,Bronx
Greene St & Prince St,Manhattan
Baldwin at Montgomery,Other
Bedford Ave & Montgomery St,Brooklyn
Duane St & Hudson St,Manhattan
Herkimer St & New York Ave,Brooklyn
Academy St & Nagle Ave,Manhattan
Bergen Ave & Stegman St,Other
E 6 St & 2 Ave,Manhattan
56 Ave & Junction Blvd,Queens
Steinway St & 19 Ave,Queens
Menahan St & Wyckoff Ave,Brooklyn
Van Vorst Park,Other
Broadway & W 157 St,Manhattan
Stockholm St & Wilson Ave,Brooklyn
Jerome Ave & E 198 St,Bronx
Prospect Ave & Vanderbilt St,Brooklyn
E 174 St & Longfellow Ave,Bronx
Bainbridge Ave & E 196 St,Bronx
Lenox Ave & W 133 St,Manhattan
60 Pl & Linden St,Queens
Heights Elevator,Other
Warren St,Other
Bushwick Ave & Furman Ave,Brooklyn
Westchester Ave & Jackson Ave,Bronx
Davidson Ave & W Burnside Ave,Bronx
W 165 St & Fort Washington Ave,Manhattan
Arthur Ave & E Tremont Ave,Bronx
31 St & Newtown Ave,Queens
E 180 St & Prospect Ave,Bronx
E 163 St & Tiffany St,Bronx
69 St & 43 Ave,Queens
74 St & Woodside Ave,Queens
Jerome Ave & W 195 St,Bronx
Adam Clayton Powell Blvd & W 141 St,Manhattan
W 35 St & 8 Ave,Manhattan
Fort Washington Ave & W 183 St,Manhattan
W 30 St & 10 Ave,Manhattan
41 Ave & 80 St,Queens
58 St & 32 Ave,Queens
Hamilton Pl & W 140 St,Manhattan
Cooper Ave & 65 Pl,Queens
Pacific St & Sackman St,Brooklyn
Bradley Ave & Greenpoint Ave,Brooklyn
57 St & 7 Ave,Brooklyn
Southern Blvd & E 175 St,Bronx
Van Sinderen Ave & Truxton St,Brooklyn
W Mosholu Pkwy S & Sedgwick Ave,Bronx
62 St & 4 Ave,Brooklyn
Lafayette Ave & Hunts Point Ave,Bronx
Henry St & Remsen St,Brooklyn
Glenwood Ave,Other
7 Ave S & Bleecker St,Manhattan
3 Ave & E 174 St,Bronx
Ave D & E 8 St,Manhattan
Prospect Park SW & Greenwood Ave,Brooklyn
St Nicholas Ave & W 157 St,Manhattan
Montague St & Hicks St,Brooklyn
E 5 St & Cooper Sq,Manhattan
Sedgwick Ave & W Burnside Ave,Bronx
17 St & 5 Ave,Brooklyn
Franklin Ave & E 169 St,Bronx
E 149 St & Morris Ave,Bronx
Madison St & 1 St,Other
New York Ave & Lenox Rd,Brooklyn
E 158 St & Melrose Ave,Bronx
Crotona Ave & Crotona Park N,Bronx
30 Ave & 41 St,Queens
Southern Blvd & E 149 St,Bronx
South End Ave & Albany St,Other
Gerard Ave & E 165 St,Bronx
W 34 St & Hudson Blvd E,Manhattan
E Tremont Ave & E 176 St,Bronx
Adams St & Prospect St,Brooklyn
4 Ave & E 12 St,Manhattan
N 9 St & Wythe Ave,Brooklyn
29 St & 5 Ave,Brooklyn
W 15 St & 6 Ave,Manhattan
Union St,Other
President St & Hoyt St,Brooklyn
2 Ave & 32 St,Brooklyn
Crotona Pkwy & Elsmere Pl,Bronx
65 Pl & Woodside Ave,Queens
River Ave & E 153 St,Bronx
W 192 St & University Ave,Bronx
100 St & Humphreys St,Queens
Putnam Ave & Ralph Ave,Brooklyn
Crotona Ave & E Fordham Rd,Bronx
Ditmars Blvd & 43 St,Queens
Edgecombe Ave & W 141 St,Manhattan
111 St & 49 Ave,Queens
Southern Blvd & E 174 St,Bronx
45 St & 4 Ave,Brooklyn
Ave A & E 11 St,Manhattan
Lee Ave & Taylor St,Brooklyn
71 St & 32 Ave,Queens
Manila & 1st,Other
Degraw St & 3 Ave,Brooklyn
Judge St & Britton Ave,Queens
43 St & Skillman Ave,Queens
W 204 St & Vermilyea Ave,Manhattan
Patchen Ave & Bainbridge St,Brooklyn
Clarkson Ave & Troy Ave,Brooklyn
Fairview Ave & Linden St,Queens
Amsterdam Ave & W 131 St,Manhattan
34 Ave & Vernon Blvd,Queens
8 Ave & W 49 St,Manhattan
3 Ave & E 109 St,Manhattan
W 20 St & 10 Ave,Manhattan
E 49 St & Church Ave,Brooklyn
Jerome Ave & Anderson Ave,Bronx
Bergen Ave,Other
Carroll St & Rochester Ave,Brooklyn
48 St & Skillman Ave,Queens
111 St & 53 Ave,Queens
Central Ave & Weirfield St,Brooklyn
69 St & 38 Ave,Queens
Grand Ave & W 181 St,Bronx
Melrose Ave & E 154 St,Bronx
Broadway & W 220 St,Manhattan
E 61 St & Madison Ave,Manhattan
Crotona Park East & E 173 St,Bronx
Riverside Dr & W 148 St,Manhattan
55 Ave & 90 St,Queens
Clarkson Ave & Nostrand Ave,Brooklyn
Congress St & Hicks St,Brooklyn
Lewis Ave & Greene Ave,Brooklyn
Concourse Village East & E 158 St,Bronx
Home St & Westchester Ave,Bronx
W 163 St & Riverside Dr,Manhattan
5 Ave & 37 St,Brooklyn
Jackson Square,Other
6 Ave & Walker St,Manhattan
E 138 St & Grand Concourse,Bronx
Central Park W & W 68 St,Manhattan
Fort Washington Ave & W 190 St,Manhattan
Sterling Pl & Schenectady Ave,Brooklyn
Irving Ave & Harman St,Brooklyn
W 27 St & 6 Ave,Manhattan
N 10 St & Berry St,Brooklyn
Pearl St & York St,Brooklyn
79 St & Woodside Ave,Queens
Irving Ave & Halsey St,Brooklyn
Marion Ave & Mosholu Pkwy,Bronx
Nostrand Ave & Flushing Ave,Brooklyn
Gramercy Park N & Gramercy Park E,Manhattan
Engert Ave & McGuinness Blvd,Brooklyn
Featherbed Ln & Nelson Ave,Bronx
S 2 St & Kent Ave,Brooklyn
5 Ave & E 135 St,Manhattan
Wales Ave & E 147 St,Bronx
Frederick Douglass Blvd & W 115 St,Manhattan
Melrose Ave & E 150 St,Bronx
Corona Ave & 111 St,Queens
Mama Johnson Field - 4 St & Jackson St,Other
W 238 St & Tibbett Ave,Bronx
Jerome Ave & W 177 St,Bronx
60 St & 37 Ave,Queens
100 St & 37 Ave,Queens
E 174 St & Walton Ave,Bronx
Prospect Park W & 20 St,Brooklyn
E 103 St & 2 Ave,Manhattan
40 St & Queens Blvd,Queens
Park Circle & East Dr,Brooklyn
37 Ave & 106 St,Queens
Broadway & W 48 St,Manhattan
24 Ave & 87 St,Queens
Sherman Ave & E 166 St,Bronx
Webb Ave & W 190 St,Bronx
Macombs Rd & Featherbed Ln,Bronx
43 St & 23 Ave,Queens
65 St & 2 Ave,Brooklyn
6 Ave & 55 St,Brooklyn
Beck St & Leggett Ave,Bronx
Longwood Ave & Southern Blvd,Bronx
Keegan Rd & 2 Ave,Brooklyn
E 20 St & FDR Dr,Manhattan
Wadsworth Ave & W 175 St,Manhattan
90 St & 51 Ave,Queens
Astor Place,Other
Carroll St & Utica Ave,Brooklyn
Buffalo Ave & E New York Ave,Brooklyn
Clay Ave & E 173 St,Bronx
Metropolitan Ave & 65 Ln,Queens
99 St & 38 Ave,Queens
Knickerbocker Ave & Hancock St,Brooklyn
Lenox Rd & E 43 St,Brooklyn
Newark St & Washington St,Other
Pacific St & Smith St,Brooklyn
E 7 St & Ave C,Manhattan
Cedar St & Evergreen Ave,Brooklyn
Broadway & 49 St,Queens
Corona Ave & 102 St,Queens
31 Ave & 61 St,Queens
Brook Ave & E 141 St,Bronx
Southern Blvd & Tiffany St,Bronx
Catalpa Ave & Woodward Ave,Queens
Nagle Ave & Thayer St,Manhattan
Adams St & 2 St,Other
Butler St & 27 Ave,Queens
Chester Ave & 12 Ave,Brooklyn
86 St & 35 Ave,Queens
E 27 St & Park Ave S,Manhattan
43 Ave & 111 St,Queens
Beverley Rd & E 49 St,Brooklyn
Faile St & Garrison Ave,Bronx
Ditmars Blvd & 102 St,Queens
W 147 St & Adam Clayton Powell Blvd,Manhattan
Rogers Pl & E 165 St,Bronx
57 St & 43 Ave,Queens
W 33 St & 10 Ave,Manhattan
W 140 St & Riverside Dr,Manhattan
E 141 St & Jackson Ave,Bronx
Wards Meadow Comfort Station,Manhattan
E 149 St & Eagle Ave,Bronx
Davis St & Jackson Ave,Queens
Cortelyou Rd & Argyle Rd,Brooklyn
Fulton St & Williams Ave,Brooklyn
E 138 St & 5 Ave,Manhattan
Tiebout Ave & E 184 St,Bronx
Stephen St & Seneca Ave,Queens
Centre St & Seneca Ave,Queens
Garrison Ave & Manida St,Bronx
Wyckoff Ave & Gates Ave,Queens
Pershing Field,Other
University Ave & Morton Pl,Bronx
31 St & 21 Ave,Queens
W 30 St & 8 Ave,Manhattan
2 Ave & E 29 St,Manhattan
7 Ave & 40 St,Brooklyn
Driggs Ave & N 9 St,Brooklyn
Boston Rd & E 178 St,Bronx
W 176 St & Montgomery Ave,Bronx
36 St & Hunters Point Ave,Queens
Macon St & Howard Ave,Brooklyn
W 35 St & Dyer Ave,Manhattan
Parkside Ave & Flatbush Ave,Brooklyn
Audubon Ave & Fort George Ave,Manhattan
Westchester Ave & E 156 St,Bronx
Cedar Ave & W Fordham Rd,Bronx
Walton Ave & E 183 St,Bronx
Broadway & Van Cortlandt Park S,Bronx
E 2 St & Ave C,Manhattan
E 160 St & Tinton Ave,Bronx
Walton Ave & E 151 St,Bronx
30 Ave & 96 St,Queens
Alexander Ave & E 134 St,Bronx
Fulton St & Irving Pl,Brooklyn
Webster Ave & Ford St,Bronx
Riverside Dr & Broadway,Manhattan
53 St & Roosevelt Ave,Queens
Waterbury St & Stagg St,Brooklyn
Hart St & Wyckoff Ave,Brooklyn
E 179 St & Southern Blvd,Bronx
Columbus Drive,Other
Fort Hamilton Pkwy & E 5 St,Brooklyn
W 190 St & Broadway,Manhattan
Ithaca St & Baxter Ave,Queens
Anthony Ave & E Tremont Ave,Bronx
Eliot Ave & 60 Ln,Queens
Grand Concourse & E 161 St,Bronx
W 17 St & 7 Ave,Manhattan
Ashland Pl & Dekalb Ave,Brooklyn
St Johns Pl & Utica Ave,Brooklyn
Giles Pl & Fort Independence St,Bronx
Washington St & W 10 St,Manhattan
Brooklyn Ave & Lefferts Ave,Brooklyn
Nagle Ave & Ellwood St,Manhattan
Broadway & W 238 St,Bronx
Pacific St & Nostrand Ave,Brooklyn
Amsterdam Ave & W 172 St,Manhattan
Devoe St & Morgan Ave,Brooklyn
8 Ave & W 27 St,Manhattan
E 167 St & Clay Ave,Bronx
Jackson Mill Rd & 93 St,Queens
Adam Clayton Powell Blvd & W 132 St,Manhattan
Rugby Rd & Albemarle Rd,Brooklyn
7 Ave & Central Park South,Manhattan
Herkimer St & Eastern Pkwy,Brooklyn
W 190 St & St Nicholas Ave,Manhattan
Edgecombe Ave & W 167 St,Manhattan
52 St & 6 Ave,Brooklyn
St Marks Pl & 4 Ave,Brooklyn
99 St & Astoria Blvd,Queens
Broadway & W 168 St,Manhattan
Grand Concourse & E 205 St,Bronx
Southern Blvd & E 142 St,Bronx
55 Dr & Maurice Ave,Queens
City Hall - Washington St & 1 St,Other
Manhattan Ave & Leonard St,Brooklyn
Edgecombe Ave & W 150 St,Manhattan
Park Ave & E 41 St,Manhattan
Bronx Shore Comfort Station,Manhattan
Fresh Pond Rd & 69 Ave,Queens
Boston Rd & E 167 St,Bronx
N Portland Ave & Flushing Ave,Brooklyn
Dock St & Front St,Brooklyn
Lafayette Park,Other
E 26 St & 3 Ave,Manhattan
43 St & 35 Ave,Queens
E 188 St & Hughes Ave,Bronx
Madison St & Cypress Ave,Queens
E 165 St & Fox St,Bronx
E 6 St & Ave D,Manhattan
Grand Concourse & E 192 St,Bronx
W 163 St & Edgecombe Ave,Manhattan
Grand Concourse & E 199 St,Bronx
Myrtle Ave & 65 St,Queens
College Ave & E 170 St,Bronx
Sedgwick Ave & W Tremont Ave,Bronx
56 Dr & 61 St,Queens
Southern Blvd & Ave St John,Bronx
Troy Ave & Park Pl,Brooklyn
Front St & Jay St,Brooklyn
Pacific St & Thomas S. Boyland St,Brooklyn
Washington Ave & E 174 St,Bronx
3 Ave & E 163 St,Bronx
Rogers Ave & Snyder Ave,Brooklyn
Clarkson Ave & E 40 St,Brooklyn
38 St & Northern Blvd,Queens
Grand Concourse & E Mosholu Pkwy S,Bronx
Grand Concourse & E 176 St,Bronx
President St & 4 Ave,Brooklyn
W 40 St & 7 Ave,Manhattan
Franklin Ave & Quincy St,Brooklyn
82 St & Broadway,Queens
E 34 St & Linden Blvd,Brooklyn
Washington Ave & Empire Blvd,Brooklyn
34 Ave & 45 St,Queens
Boone Ave & E 172 St,Bronx
E 147 St & Bergen Ave,Bronx
Tyler Ave & Maurice Ave,Queens
Clarkson Ave & E 37 St,Brooklyn
Myrtle Ave & Linden St,Brooklyn
E 181 St & Bathgate Ave,Bronx
Winthrop St & Schenectady Ave,Brooklyn
8 Ave & W 24 St,Manhattan
5 Ave & 67 St,Brooklyn
25 Ave & 41 St,Queens
Church Ave & Nostrand Ave,Brooklyn
82 St & 30 Ave,Queens
E 11 St & 3 Ave,Manhattan
Brook Ave & E 157 St,Bronx
Ditmars Blvd & 48 St,Queens
Van Dam St & Meeker Ave,Brooklyn
87 St & 30 Ave,Queens
Eastern Pkwy & Troy Ave,Brooklyn
50 St & Barnett Ave,Queens
Grand St & 14 St,Other
St Nicholas Terrace & Convent Ave,Manhattan
Broadway & W 234 St,Bronx
Woodhaven Blvd & Hoffman Dr,Queens
Queens Blvd & 56 Ave,Queens
57 Rd & 58 St,Queens
Monroe St & Marcus Garvey Blvd,Brooklyn
Steinway St & 21 Ave,Queens
Linden Blvd & Nostrand Ave,Brooklyn
34 St & 48 Ave,Queens
Newark Ave,Other
College Ave & E 169 St,Bronx
30 Ave & 70 St,Queens
McKibbin St & Bogart St,Brooklyn
Willis Ave & E 143 St,Bronx
E 149 St & Jackson Ave,Bronx
34 St & 38 Ave,Queens
E 16 St & Cortelyou Rd,Brooklyn
5 Ave & E 87 St,Manhattan
Church St & Worth St,Manhattan
57 St & 37 Ave,Queens
85 St & Northern Blvd,Queens
Eastern Pkwy & Franklin Ave (NE Corner),Brooklyn
102 St & 34 Ave,Queens
West End Ave & W 60 St,Manhattan
60 Ave & Junction Blvd,Queens
Pinehurst Ave & W 187 St,Manhattan
Grant Ave & MLK Dr,Other
Ash St & Manhattan Ave,Brooklyn
W 54 St & 6 Ave,Manhattan
36 St & 3 Ave,Brooklyn
Crown St & Troy Ave,Brooklyn
Crescent Ave & Belmont Ave,Bronx
Riverside Dr E & W 155 St,Manhattan
96 St & Northern Blvd,Queens
Pacific St & Rochester Ave,Brooklyn
5 St & Market St,Brooklyn
St Nicholas Ave & W 134 St,Manhattan
N 5 St & Northside Piers,Brooklyn
MacDonough St & Malcolm X Blvd,Brooklyn
E Burnside Ave & Ryer Ave,Bronx
33 St & 47 Ave,Queens
Jerome Ave & W Fordham Rd,Bronx
Bailey Ave & W 193 St,Bronx
Warren St & W Broadway,Manhattan
W 35 St & 9 Ave,Manhattan
58 St & 56 Dr,Queens
43 St & 37 Ave,Queens
104 St & Northern Blvd,Queens
61 St & Queens Blvd,Queens
Lafayette Ave & Franklin Ave,Brooklyn
Front St & Pine St,Manhattan
W 180 St & Fort Washington Ave,Manhattan
Bergen St & 4 Ave,Brooklyn
Borden Ave & Review Ave,Queens
2 St & Park Ave,Other
56 St & Arnold Ave,Queens
Cortelyou Rd & Albany Ave,Brooklyn
E 167 St & Bryant Ave,Bronx
Grand Ave & 55 St,Queens
Marble Hill Ave & W 225 St,Bronx
Marshall St & 2 St,Other
10 Ave & W 204 St,Manhattan
57 Ave & 98 Pl,Queens
Paul Ave & W 205 St,Bronx
Kent St & McGuinness Blvd,Brooklyn
56 Ave & 92 St,Queens
Ogden Ave & W 165 St,Bronx
48 Ave & 37 St,Queens
Christ Hospital,Other
Lafayette Ave & Ft Greene Pl,Brooklyn
Onderdonk Ave & Gates Ave,Queens
32 Ave & 84 St,Queens
Sedgwick Ave & W 195 St,Bronx
Ave D & E 10 St,Manhattan
Frederick Douglass Blvd & W 145 St,Manhattan
E 167 St & Franklin Ave,Bronx
Ocean Pkwy & Church Ave,Brooklyn
Bailey Ave & W 229 St,Bronx
49 Ave & 108 St,Queens
20 Ave & 31 St,Queens
Fresh Pond Rd & Flushing Ave,Queens
W 225 St & Exterior St,Bronx
Grand Concourse & E 181 St,Bronx
Madison St & Forest Ave,Queens
71 St & 37 Ave,Queens
W 12 St & Hudson St,Manhattan
Kingston Ave & Montgomery St,Brooklyn
Taylor St & Bedford Ave,Brooklyn
36 Ave & 31 St,Queens
Lincoln Ave & E 138 St,Bronx
Putnam Ave & Knickerbocker Ave,Brooklyn
W 218 St & Broadway,Manhattan
Bradhurst Ave & W 148 St,Manhattan
Evergreen Ave & Noll St,Brooklyn
Green St & McGuinness Blvd,Brooklyn
E 171 St & Webster Ave,Bronx
E 22 St & 2 Ave,Manhattan
Seaman Ave & Isham St,Manhattan
Jackson Mill Rd & 24 Ave,Queens
55 St & 7 Ave,Brooklyn
Woodside Ave & 55 St,Queens
Borden Ave & 25 St,Queens
Bushwick Ave & Forrest St,Brooklyn
E 163 St & Union Ave,Bronx
Central Park W & W 76 St,Manhattan
Eames Pl & Claflin Ave,Bronx
Greenpoint Ave & 47 St,Queens
Broadway & W 192 St,Manhattan
Prospect Ave & Greenwood Ave,Brooklyn
Oakland Ave,Other
Eastern Pkwy & Franklin Ave (SW Corner),Brooklyn
50 St & Northern Blvd,Queens
South St & Pike St,Manhattan
44 St & 3 Ave,Brooklyn
73 St & 25 Ave,Queens
Lexington Ave & E 36 St,Manhattan
84 St & Roosevelt Ave,Queens
W 145 St & Amsterdam Ave,Manhattan
47 St & 3 Ave,Brooklyn
Peck Slip & South St,Manhattan
E 134 St & Walnut Ave,Bronx
Park Ave & E 42 St,Manhattan
St Marks Ave & Ralph Ave,Brooklyn
24 St & 5 Ave,Brooklyn
Lewis Ave & Fulton St,Brooklyn
Halsey St & Broadway,Brooklyn
Summerfield St & Cypress Ave,Queens
Sterling Pl & New York Ave,Brooklyn
Park Ave & E 179 St,Bronx
Jersey & 3rd,Other
Rutland Rd & Brooklyn Ave,Brooklyn
5 Corners Library,Other
Carlton Ave & Greene Ave,Brooklyn
E 171 St & 3 Ave,Bronx
Freeman St & Reverend James A Polite Ave,Bronx
Thomas S. Boyland St & Macon St,Brooklyn
E 10 St & 2 Ave,Manhattan
Van Cortlandt Park S & Dickinson Ave,Bronx
75 St & Northern Blvd,Queens
Grove St & Fresh Pond Rd,Queens
Winthrop St & Nostrand Ave,Brooklyn
Pearl St & Whitehall St,Manhattan
Benham St & Roosevelt Ave,Queens
Central Park W & W 85 St,Manhattan
Schenectady Ave & President St,Brooklyn
Amsterdam Ave & W 175 St,Manhattan
E 144 St & Brook Ave,Bronx
Cedar St & Myrtle Ave,Brooklyn
W 25 St & 8 Ave,Manhattan
35 St & 21 Ave,Queens
24 St & 38 Ave,Queens
100 St & Northern Blvd,Queens
Fulton Ave & E 168 St,Bronx
67 St & Erik Pl,Brooklyn
76 St & 21 Ave,Queens
29 St & Skillman Ave,Queens
Bleecker St & Crosby St,Manhattan
60 Ave & Otis Ave,Queens
Decatur St & Saratoga Ave,Brooklyn
Pierrepont St & Monroe Pl,Brooklyn
Boston Rd & West Farms Rd,Bronx
92 St & 35 Ave,Queens
93 St & Roosevelt Ave,Queens
New York Ave & Snyder Ave,Brooklyn
Tibbett Ave & W 234 St,Bronx
Bedford Park Blvd & Paul Ave,Bronx
90 St & 32 Ave,Queens
Flatbush Ave & Ocean Ave,Brooklyn
Pacific St & Utica Ave,Brooklyn
Charlotte St & Boston Rd,Bronx
Ditmars Blvd & 94 St,Queens
55 St & Northern Blvd,Queens
39 St & Queens Blvd,Queens
5 Ave & E 72 St,Manhattan
112 St & Northern Blvd,Queens
3 Ave & E 170 St,Bronx
E 48 St & Tilden Ave,Brooklyn
E 50 St & Park Ave,Manhattan
42 St & 1 Ave,Brooklyn
Hudson St & N Moore St,Manhattan
E 2 St & Ave B,Manhattan
E 153 St & E 157 St,Bronx
Maple St & Flatbush Ave,Brooklyn
48 St & Barnett Ave,Queens
79 St & 37 Ave,Queens
4 Ave & 26 St,Brooklyn
Van Buren St & Broadway,Brooklyn
Prospect Park SW & 10 Ave,Brooklyn
57 Rd & 59 St,Queens
30 St & 4 Ave,Brooklyn
72 St & Broadway,Queens
8 St & Washington St,Other
39 Ave & 99 St,Queens
Halsey St & Ralph Ave,Brooklyn
Audubon Ave & W 179 St,Manhattan
E 156 St & Courtlandt Ave,Bronx
W 36 St & 7 Ave,Manhattan
48 St & 5 Ave,Brooklyn
40 St & 3 Ave,Brooklyn
71 Ave & Myrtle Ave,Queens
W 84 St & Amsterdam Ave,Manhattan
Willoughby Ave & Onderdonk Ave,Queens
E 182 St & Grand Concourse,Bronx
95 St & 35 Ave,Queens
6 Ave & W 34 St,Manhattan
Prospect Park SW & 16 St,Brooklyn
Amsterdam Ave & W 186 St,Manhattan
Fairmount Pl & Prospect Ave,Bronx
Central Park W & W 103 St,Manhattan
Grand Ave & W Fordham Rd,Bronx
Dock 72 Way & Market St,Brooklyn
55 St & 5 Ave,Brooklyn
E 13 St & Ave A,Manhattan
W 204 St & Nagle Ave,Manhattan
W 230 St & Marble Hill Ave,Bronx
12 Ave & W 125 St,Manhattan
111 St & 37 Ave,Queens
25 Ave & 85 St,Queens
72 St & Woodside Ave,Queens
White St & Johnson Ave,Brooklyn
Prospect Park SW & Vanderbilt St,Brooklyn
7 Ave & 20 St,Brooklyn
Bushwick Ave & Dekalb Ave,Brooklyn
Broadway & E 21 St,Manhattan
W 47 St & 9 Ave,Manhattan
53 St & Flushing Ave,Queens
4 St & River St,Other
Brooklyn Ave & Prospect Pl,Brooklyn
Lexington Ave & E 128 St,Manhattan
E 161 St & River Ave,Bronx
Dyckman St & Staff St,Manhattan
Jerome Ave & E 164 St,Bronx
Greene Ave & Grandview Ave,Queens
E 165 St & Jerome Ave,Bronx
E Houston St & Columbia St,Manhattan
Audubon Ave & W 192 St,Manhattan
Eldert St & Bushwick Ave,Brooklyn
35 St & 30 Ave,Queens
49 St & 31 Ave,Queens
E 39 St & Lexington Ave,Manhattan
Leonard Gordon Park,Other
Central Ave & Flushing Ave,Brooklyn
23 Ave & 31 St,Queens
3 Ave & Carroll St,Brooklyn
Valentine Ave & E 183 St,Bronx
Water St & Gouverneur Ln,Manhattan
Goulden Ave & W 205 St,Bronx
3 Ave & Franklin Ave,Bronx
Riverside Dr & W 138 St,Manhattan
34 Ave & 89 St,Queens
W 148 St & Amsterdam Ave,Manhattan
111 St & Roosevelt Ave,Queens
76 St & 45 Ave,Queens
48 St & 50 Ave,Queens
46 Rd & 11 St,Queens
Lott St & Erasmus St,Brooklyn
62 St & 34 Ave,Queens
Nelson Ave & W 172 St,Bronx
Grand Concourse & E 166 St,Bronx
Echo Pl & Grand Concourse,Bronx
University Ave & Brandt Pl,Bronx
Lincoln Pl & Nostrand Ave,Brooklyn
E 155 St & Courtlandt Ave,Bronx
Sterling Pl & Rochester Ave,Brooklyn
E 169 St & Webster Ave,Bronx
61 St & 60 Ln,Queens
Buchanan Pl & Grand Ave,Bronx
St Nicholas Ave & W 126 St,Manhattan
1 Ave & E 118 St,Manhattan
Bedford Ave & Fenimore St,Brooklyn
E 58 St & 1 Ave (NW Corner),Manhattan
E 188 St & Creston Ave,Bronx
Albemarle Rd & McDonald Ave,Brooklyn
Windsor Pl & Howard Pl,Brooklyn
32 Ave & 75 St,Queens
Marcy Ave & Lynch St,Brooklyn
Morris Ave & McClellan St,Bronx
Exchange Pl,Other
W 48 St &  Rockefeller Plaza,Manhattan
Irving Ave & Jefferson St,Brooklyn
Broadway & W 153 St,Manhattan
W 111 St & 5 Ave,Manhattan
Louis Nine Blvd & Intervale Ave,Bronx
51 St & Queens Blvd,Queens
Bridge St & York St,Brooklyn
86 St & 37 Ave,Queens
64 St & 3 Ave,Brooklyn
Rugby Rd & Beverley Rd,Brooklyn
E 1 St & Bowery,Manhattan
Bergen Ave & E 152 St,Bronx
Brook Ave & E 148 St,Bronx
1 Ave & E 42 St,Manhattan
21 Ave & 80 St,Queens
Queens Blvd & 56 St,Queens
Cortelyou Rd & E 19 St,Brooklyn
6 Ave & 60 St,Brooklyn
W 186 St & St Nicholas Ave,Manhattan
Margaret Corbin Plz & Ft Washington Ave,Manhattan
Albany Ave & Carroll St,Brooklyn
Caton Ave & E 7 St,Brooklyn
Lafayette Ave & Stuyvesant Ave,Brooklyn
72 St & Northern Blvd,Queens
River St & Newark St,Other
Maple St & Albany Ave,Brooklyn
8 Ave & W 38 St,Manhattan
Woodward Ave & Harman St,Queens
32 Ave & 81 St,Queens
Amsterdam Ave & W 180 St,Manhattan
St Nicholas Ave & W 137 St,Manhattan
46 St & Queens Blvd,Queens
Stanhope St & Fairview Ave,Queens
77 St & 24 Ave,Queens
Page Pl & Grand Ave,Queens
McGinley Square,Other
Claflin Ave & Reservoir Ave,Bronx
E 44 St & Lexington Ave,Manhattan
Washington Ave & E 167 St,Bronx
92 St & Astoria Blvd,Queens
E 161 St & Park Ave,Bronx
Seneca Ave & Decatur St,Queens
Concourse Village West & E 156 St,Bronx
E 12 St & Ave C,Manhattan
E New York Ave & Utica Ave,Brooklyn
Anderson Ave & W 164 St,Bronx
64 St & 53 Dr,Queens
Crotona Park North & Prospect Ave,Bronx
E 5 St & Ave C,Manhattan
Loring Pl North & W 183 St,Bronx
Hoboken Ave at Monmouth St,Other
Central Park W & W 97 St,Manhattan
Eastern Pkwy & Nostrand Ave,Brooklyn
University Ave & W 168 St,Bronx
4 Ave & Shore Road Dr,Brooklyn
Prospect Pl & Howard Ave,Brooklyn
E 170 St & Sheridan Ave,Bronx
Brunswick St,Other
Monmouth & 6th,Other
39 St & 47 Ave,Queens
Broadway & Ellwood St,Manhattan
Monroe St & 11 St,Other
97 St & 57 Ave,Queens
Union Ave & E 169 St,Bronx
W 20 St & 5 Ave,Manhattan
Jackson Ave & 49 Ave,Queens
E 15 St & 5 Ave,Manhattan
Jerome Ave & Ogden Ave,Bronx
Windsor Pl & 8 Ave,Brooklyn
Hancock St & Wyckoff Ave,Queens
53 Ave & 62 St,Queens
Cortelyou Rd & E 34 St,Brooklyn
10 Ave & W 207 St,Manhattan
Grand Concourse & E 164 St,Bronx
W Tremont Ave & Matthewson Rd,Bronx
99 St & 50 Ave,Queens
Beaver St & Fayette St,Brooklyn
Somers St & Broadway,Brooklyn
Thomas S. Boyland St & Fulton St,Brooklyn
E 21 St & Church Ave,Brooklyn
Bergen St & Buffalo Ave,Brooklyn
5 Ave & 44 St,Brooklyn
Inwood Ave & W 170 St,Bronx
Irwin Ave & W 232 St,Bronx
Thomas S. Boyland St & Marion St,Brooklyn
1 Ave & E 38 St,Manhattan
Fulton Ave & St Paul's Pl,Bronx
41 St & 3 Ave,Brooklyn
Park Ave & E 162 St,Bronx
5 Ave & 41 St,Brooklyn
Turner Pl & Coney Island Ave,Brooklyn
E 156 St & Brook Ave,Bronx
81 St & 35 Ave,Queens
Case St & 94 St,Queens
E 51 St & 2 Ave,Manhattan
63 St & 59 Dr,Queens
Lincoln Ave & E 134 St,Bronx
Empire Blvd & New York Ave,Brooklyn
Fulton Ave & E 172 St,Bronx
Knickerbocker Ave & Moffat St,Brooklyn
Greenwich St & Rector St,Manhattan
65 Pl & 53 Ave,Queens
Anthony Ave & E 175 St,Bronx
Tiebout Ave & E Fordham Rd,Bronx
E New York Ave & Troy Ave,Brooklyn
Jerome Ave & W 193 St,Bronx
Lincoln Rd & Ocean Ave,Brooklyn
3 Ave & Wakeman Pl,Brooklyn
George St & Wilson Ave,Brooklyn
York St & Marin Blvd,Other
Wilkins Ave & Crotona Park E,Bronx
W 106 St & Central Park W,Manhattan
Greenpoint Ave & West St,Brooklyn
19 St & 8 Ave,Brooklyn
E 63 St & 3 Ave,Manhattan
E 182 St & Belmont Ave,Bronx
32 Ave & 77 St,Queens
Beverley Rd & Nostrand Ave,Brooklyn
Gerard Ave & McClellan St,Bronx
51 Ave & 61 St,Queens
54 St & 37 Ave,Queens
Clinton St & Cherry St,Manhattan
16 St & 4 Ave,Brooklyn
Sharon St & Olive St,Brooklyn
Park Ave & E Tremont Ave,Bronx
Bainbridge Ave & Bedford Park Blvd,Bronx
Mets Plaza at Citi Field,Queens
Stuyvesant Ave & Gates Ave,Brooklyn
W 181 St & Riverside Dr,Manhattan
E 138 St & Willow Ave,Bronx
Harrison Pl & Porter Ave,Brooklyn
62 St & Northern Blvd,Queens
1 St & 6 Ave,Brooklyn
55 Ave & 97 Pl,Queens
Vesey St & Greenwich St,Manhattan
48 St & 2 Ave,Brooklyn
Cauldwell Ave & E 158 St,Bronx
Marcy Ave & Hart St,Brooklyn
Howard St & Lafayette St,Manhattan
Jerome Ave & W 184 St,Bronx
W 211 St & 10 Ave,Manhattan
7 Ave & 41 St,Brooklyn
E 17 St & Beverley Rd,Brooklyn
Vyse Ave & E 181 St,Bronx
2 Ave & E 72 St,Manhattan
E 141 St & St Ann's Ave,Bronx
Madison St & Malcolm X Blvd,Brooklyn
11 St & Washington St,Other
34 Ave & 113 St,Queens
6 St & Grand St,Other
Nevins St & Schermerhorn St,Brooklyn
Central Park W & W 72 St,Manhattan
Jefferson Ave & Patchen Ave,Brooklyn
South St & Broad St,Manhattan
Seaman Ave & Beak St,Manhattan
34 Ave & 74 St,Queens
100 St & Lewis Ave,Queens
Woodside Ave & Roosevelt Ave,Queens
Jersey & 6th St,Other
57 St & 1 Ave,Brooklyn
Suydam St & St Nicholas Ave,Brooklyn
E 2 St & Ave A,Manhattan
Lefferts Ave & Albany Ave,Brooklyn
Nostrand Ave & Rutland Rd,Brooklyn
9 Ave & W 39 St,Manhattan
Frost St & Debevoise Ave,Brooklyn
River Ave & McClellan St,Bronx
Broadway & Morris St,Manhattan
McKeever Pl & Sullivan Pl,Brooklyn
Decatur Ave & Bedford Park Blvd,Bronx
51 Ave & Junction Blvd,Queens
Sherman Ave & Thayer St,Manhattan
Knickerbocker Ave & Halsey St,Brooklyn
Jefferson St & Cypress Ave,Brooklyn
Bergen St & Troy Ave,Brooklyn
Palmetto St & Traffic Ave,Queens
10 Ave & W 14 St,Manhattan
35 St & 23 Ave,Queens
Hancock St & Stuyvesant Ave,Brooklyn
Walton Ave & E 153 St,Bronx
E Mosholu Pkwy & E 204 St,Bronx
Grand St,Other
56 St & 2 Ave,Brooklyn
Roosevelt Ave & 104 St,Queens
Andrew Ave N & Hall of Fame Tce,Bronx
23 Rd & 31 St,Queens
24 Ave & 92 St,Queens
Dyckman St & Henshaw St,Manhattan
Bergen St & Saratoga Ave,Brooklyn
Cypress Ave & St Felix Ave,Queens
Grand Ave & 58 Ave,Queens
Broadway & Madison St,Brooklyn
Schenectady Ave & Prospect Pl,Brooklyn
E 54 St & 1 Ave,Manhattan
Boston Rd & Prospect Ave,Bronx
42 Pl & Northern Blvd,Queens
Lorimer St & Calyer St,Brooklyn
Broadway & W 131 St,Manhattan
Wakeman Pl & Ridge Blvd,Brooklyn
McDonald Ave & Vanderbilt St,Brooklyn
South Railroad Ave & Broadway,Queens
Cabrini Blvd & W 177 St,Manhattan
34 Ave & Junction Blvd,Queens
39 Ave & 45 St,Queens
Crotona Pkwy & Bronx Park S,Bronx
11 St & 44 Rd,Queens
Dyckman St & 10 Ave,Manhattan
Kingston Ave & Carroll St,Brooklyn
Forley St & Lamont Ave,Queens
W 82 St & Central Park W,Manhattan
Brooklyn Ave & Dean St,Brooklyn
Cypress Hills St & Otto Rd,Queens
Snyder Ave & Schenectady Ave,Brooklyn
E 19 St & Beverley Rd,Brooklyn
Marcy Ave & Gates Ave,Brooklyn
Tinton Ave & E 165 St,Bronx
Suydam St & Knickerbocker Ave,Brooklyn
44 St & 2 Ave,Brooklyn
Shore Blvd & Astoria Park,Queens
Townsend Ave & E 175 St,Bronx
Parkside Ave & Ocean Ave,Brooklyn
Bulova Ave & Brooklyn Queens Expressway W,Queens
Southern Blvd & E 187 St,Bronx
Flatbush Ave & Eastern Pkwy,Brooklyn
National St & 45 Ave,Queens
Old Broadway & W 133 St,Manhattan
Brook Ave & E 138 St,Bronx
Wyckoff Ave & Stanhope St,Brooklyn
Van Sinderen Ave & Atlantic Ave,Brooklyn
5 Ave & E 30 St,Manhattan
King St & Varick St,Manhattan
W 160 St & St Nicholas Ave,Manhattan
Martense Ave & 108 St,Queens
Flatbush Ave & Fenimore St,Brooklyn
Willow Ave & E 133 St,Bronx
Bleecker St & Forest Ave,Queens
E 43 St & Madison Ave,Manhattan
Brooklyn Ave & Tilden Ave,Brooklyn
Sterling Pl & Classon Ave,Brooklyn
Cortelyou Rd & Stratford Rd,Brooklyn
21 St & 23 Ave,Queens
River St & 1 St,Other
Plaza St East & Flatbush Ave,Brooklyn
Linden St & Knickerbocker Ave,Brooklyn
Sands St & Jay St,Brooklyn
Motorgate,Manhattan
Liberty St & Nassau St,Manhattan
Fulton St & Saratoga Ave,Brooklyn
W 42 St & 6 Ave,Manhattan
Pier 61 at Chelsea Piers,Manhattan
Hancock St & Malcolm X Blvd,Brooklyn
Stanton St & Norfolk St,Manhattan
Woodside Ave & 60 St,Queens
63 St & 5 Ave,Brooklyn
W Broadway & W Houston St,Manhattan
Melrose St & Broadway,Brooklyn
36 St & 47 Ave,Queens
Skillman Ave & Honeywell St,Queens
Willoughby Ave & Myrtle Ave,Brooklyn
Popham Ave & W 174 St,Bronx
21 St & 20 Ave,Queens
3 Ave & E 82 St,Manhattan
3 Ave & E 189 St,Bronx
Marcy Ave & Rutledge St,Brooklyn
61 St & Woodside Ave,Queens
Cypress Ave & Palmetto St,Queens
Brooklyn Ave & Beverley Rd,Brooklyn
Ditmars Blvd & 73 St,Queens
65 St & Roosevelt Ave,Queens
Greenwich St & Perry St,Manhattan
Orchard St & Grand St,Manhattan
Eagle St & Manhattan Ave,Brooklyn
Sedgwick Ave & W 231 St,Bronx
Macombs Rd & W 175 St,Bronx
Seneca Ave & Irvine St,Bronx
Bushwick Ave & Harman St,Brooklyn
Hudson St & W 13 St,Manhattan
Putnam Ave & Wyckoff Ave,Brooklyn
E 35 St & Madison Ave,Manhattan
Flushing Ave & Woodward Ave,Queens
Kent Ave & Division Ave,Brooklyn
Parkside Ave & Parade Pl,Brooklyn
14 St Ferry - 14 St & Shipyard Ln,Other
Troy Ave & Linden Blvd,Brooklyn
Adams St & 12 St,Other
Schermerhorn St & Hoyt St,Brooklyn
Dwight St & Dikeman St,Brooklyn
Knickerbocker Ave & George St,Brooklyn
Schenectady Ave & Maple St,Brooklyn
Columbus Park - Clinton St & 9 St,Other
E 176 St & Clinton Ave,Bronx
University Ave & W Burnside Ave,Bronx
W 54 St & 11 Ave,Manhattan
39 Dr & 52 St,Queens
Kent Ave & Grand St,Brooklyn
2 Ave & 36 St,Brooklyn
72 St & 41 Ave,Queens
E 58 St & 1 Ave (NE Corner),Manhattan
Delancey St & Eldridge St,Manhattan
34 St & 4 Ave,Brooklyn
W 51 St & Rockefeller Plaza,Manhattan
E 169 St & Fox St,Bronx
W Tremont Ave & Montgomery Ave,Bronx
6 Ave & W 45 St,Manhattan
47 Ave & 104 St,Queens
Church Ave & E 42 St,Brooklyn
Sheridan Ave & E 168 St,Bronx
Crotona Ave & E 183 St,Bronx
Convent Ave & W 135 St,Manhattan
92 St & 37 Ave,Queens
River Ter & Warren St,Manhattan
E 51 St & Linden Blvd,Brooklyn
Lefferts Ave & Schenectady Ave,Brooklyn
E 165 St & Clay Ave,Bronx
E 170 St & Webster Ave,Bronx
New York Ave & Hawthorne St,Brooklyn
51 Ave & Van Loon St,Queens
Broadway & W 160 St,Manhattan
60 Pl & Flushing Ave,Queens
Roosevelt Island Tramway,Manhattan
S 4 St & Roebling St,Brooklyn
Naples Terrace & Godwin Terrace,Bronx
Hudson Blvd W & W 36 St,Manhattan
39 Ave & 54 St,Queens
Church Sq Park - 5 St & Park Ave,Other
Skillman Ave & 43 Ave,Queens
Caton Ave & Bedford Ave,Brooklyn
W 50 St & 10 Ave,Manhattan
Jefferson Ave & Evergreen Ave,Brooklyn
Albany Ave & Park Pl,Brooklyn
6 Ave & 21 St,Brooklyn
Southwest Park - Jackson St & Observer Hwy,Other
W 160 St & Riverside Dr,Manhattan
Winthrop St & Albany Ave,Brooklyn
Schenectady Ave & Pacific St,Brooklyn
Church Ave & McDonald Ave,Brooklyn
Bedford Ave & Beverley Rd,Brooklyn
W 155 St & Frederick Douglass Blvd,Manhattan
W 218 St & Indian Rd,Manhattan
W 135 St & Lenox Terrace Pl,Manhattan
47 Ave & 48 St,Queens
E 7 St & Ave B,Manhattan
E 132 St & Madison Ave,Manhattan
Metropolitan Ave & Vandervoort Ave,Brooklyn
Broadway & Kent Ave,Brooklyn
Menahan St & Onderdonk Ave,Queens
Broadway & Kosciuszko St,Brooklyn
Rogers Ave & Lenox Rd,Brooklyn
Bainbridge Ave & E 193 St,Bronx
Grove St & Broadway,Brooklyn
Corona Ave & 92 St,Queens
Ogden Ave & Merriam Ave,Bronx
79 St & Roosevelt Ave,Queens
W 25 St & 9 Ave,Manhattan
46 St & 6 Ave,Brooklyn
Somers St & Rockaway Ave,Brooklyn
DeKalb Ave & Bedford Ave,Brooklyn
Wadsworth Ave & W 179 St,Manhattan
Ralph Ave & Fulton St,Brooklyn
E 149 St & Park Ave,Bronx
E 157 St & River Ave,Bronx
Fort Hamilton Pkwy & E 2 St,Brooklyn
Eastern Pkwy & Schenectady Ave,Brooklyn
34 Ave & 31 St,Queens
E 8 St & Caton Ave,Brooklyn
Steinway St & Broadway,Queens
21 St & 21 Ave,Queens
Lexington Ave & Stuyvesant Ave,Brooklyn
Lincoln Park,Other
30 Ave & 47 St,Queens
21 St & 4 Ave,Brooklyn
49 St & 25 Ave,Queens
Adam Clayton Powell Blvd & W 151 St,Manhattan
Ditmars Blvd & 79 St,Queens
40 Ave & Crescent St,Queens
Greene Ave & Myrtle Ave,Brooklyn
N 7 St & Driggs Ave,Brooklyn
Perry St & Greenwich Ave,Manhattan
36 St & Queens Blvd,Queens
31 Ave & 84 St,Queens
Myrtle Ave & Grove St,Brooklyn
Nassau St & Duffield St,Brooklyn
Thompson St & Bleecker St,Manhattan
52 St & 1 Ave,Brooklyn
Van Cortlandt Park S & Gouverneur Ave,Bronx
Metropolitan Ave & Flushing Ave,Queens
Willis Ave & Bruckner Blvd,Bronx
37 Ave & 113 St,Queens
Central Ave & Himrod St,Brooklyn
91 St & 31 Ave,Queens
Onderdonk Ave & Dekalb Ave,Queens
Bailey Ave & W 238 St,Bronx
President St & Nostrand Ave,Brooklyn
E 182 St & Park Ave,Bronx
E 40 St & Park Ave,Manhattan
39 St & 50 Ave,Queens
Ditmars Blvd & 31 Dr,Queens
Cauldwell Ave & E 161 St,Bronx
Central Park W & W 91 St,Manhattan
Sterling St & Nostrand Ave,Brooklyn
103 St & Martense Ave,Queens
Bergen St & Kingston Ave,Brooklyn
67 Ave & Fresh Pond Rd,Queens
Maurice Ave & 53 Dr,Queens
Woodside Ave & 69 St,Queens
33 St & Queens Blvd,Queens
West St & Liberty St,Manhattan
Goble Pl & Macombs Rd,Bronx
Walker St & Baxter St,Manhattan
Central Ave & Woodbine St,Brooklyn
Eastern Pkwy & Ralph Ave,Brooklyn
34 Ave & 83 St,Queens
Madison St & Seneca Ave,Queens
48 St & Broadway,Queens
Walnut Ave & E 136 St,Bronx
Convent Ave & W 151 St,Manhattan
W 56 St & 8 Ave,Manhattan
Grand Concourse & E 156 St,Bronx
Monroe St & Patchen Ave,Brooklyn
Decatur Ave & E 197 St,Bronx
Stewart Ave & Johnson Ave,Brooklyn
Goulden Ave & W 197 St,Bronx
56 Dr & 59 St,Queens
Lenox Ave & W 140 St,Manhattan
41 Ave & 67 St,Queens
20 Ave & 42 St,Queens
Gerard Ave & E 164 St,Bronx
Central Ave & Melrose St,Brooklyn
7 Ave & 62 St,Brooklyn
Chauncey St & Malcolm X Blvd,Brooklyn
Adam Clayton Powell Blvd & W 138 St,Manhattan
60 Pl & Bleecker St,Queens
Bridge St & Front St,Brooklyn
E 34 St & Church Ave,Brooklyn
91 St & 23 Ave,Queens
Madison St & Woodward Ave,Queens
E 128 St & 3 Ave,Manhattan
Walton Ave & E 168 St,Bronx
Waverly Ave & Lafayette Ave,Brooklyn
Ave A & E 14 St,Manhattan
10 Ave & W 202 St,Manhattan
Lafayette St & Grand St,Manhattan
5 Ave & W 139 St,Manhattan
W 133 St & 12 Ave,Manhattan
60 Pl & 67 Ave,Queens
Wilson Ave & Troutman St,Brooklyn
Suydam St & Broadway,Brooklyn
W 64 St & Thelonious Monk Circle,Manhattan
45 Ave & 21 St,Queens
W 47 St & 6 Ave,Manhattan
Broadway & W 133 St,Manhattan
Washington Ave & Park Pl,Brooklyn
Menahan St & Central Ave,Brooklyn
Kingsland Ave & Nassau Ave,Brooklyn
Adam Clayton Powell Blvd & W 130 St,Manhattan
St Marks Ave & Rochester Ave,Brooklyn
India St Pier,Brooklyn
Cypress Ave & George St,Queens
3 Ave & E Tremont Ave,Bronx
Tilden Ave & Nostrand Ave,Brooklyn
Calyer St & West St,Brooklyn
48 Ave & 41 St,Queens
E 23 St & FDR Dr,Manhattan
65 St & Otto Rd,Queens
New York Ave & Montgomery St,Brooklyn
65 St & Broadway,Queens
Amsterdam Ave & W 167 St,Manhattan
Grand Concourse & E 167 St,Bronx
Old Slip & South St,Manhattan
34 Ave & 48 St,Queens
E 138 St & Cypress Ave,Bronx
55 Ave & Center Blvd,Queens
Washington Ave & E 163 St,Bronx
Steinway St & Ditmars Blvd,Queens
St Ann's Ave & Westchester Ave,Bronx
Halsey St & Evergreen Ave,Brooklyn
Park Ave & Marcy Ave,Brooklyn
Seigel St & Humboldt St,Brooklyn
Coffey St & Ferris St,Brooklyn
Lexington Ave & Patchen Ave,Brooklyn
Barry St & Tiffany St,Bronx
E 180 St & Monterey Ave,Bronx
Tilden Ave & Lott St,Brooklyn
Grand Concourse & E 171 St,Bronx
E 11 St & Ave B,Manhattan
Sedgwick Ave & Hall of Fame Terrace,Bronx
44 St & Greenpoint Ave,Queens
62 St & 43 Ave,Queens
Wyckoff Ave & Jefferson St,Brooklyn
Walton Ave & E 171 St,Bronx
Grand St & Samuel Dickstein Plaza,Manhattan
47 Ave & 109 St,Queens
Wyckoff Ave & Cooper Ave,Queens
Forsyth St & Grand St,Manhattan
N 11 St & Kent Ave,Brooklyn
36 St & 4 Ave,Brooklyn
Queens Blvd & Broadway,Queens
St Nicholas Ave & W 150 St,Manhattan
Eastern Pkwy & St Marks Ave,Brooklyn